Age,Gender,Item ID,Item Name,Price,SN,Lookup,,,,,,,,,,,,,,,,,,,,,,,,,,,,,,,,,,,,
38,Male,165,Bone Crushing Silver Skewer,3.37,Aelalis34,Less Than 40,,,,Player Count,,,Gender Demographics,,,,Purchasing Analysis (By Gender),,,,,,Age Demographics,,,,,,Top Spenders,,,,,Most Popular item,,,,,,,Age Demographics,
21,Male,119,"Stormbringer, Dark Blade of Ending Misery",2.32,Eolo46,Less Than 25,,,,Total Number of Players:,573,,,% (Counts),Count,,,Purchase Count,Average Purchase Price,Total Purchase Value,Normalized Totals,,,Purchase Count,Average Purchase Price,Total Purchase Value,Normalized Totals,,Row Labels,Count of Item Name,Average of Price2,Sum of Price,,Item Name,Count of Price,Min of Price,Sum of Price2,Min of Item ID,,,0,Less Than 5
34,Male,174,Primitive Blade,2.46,Assastnya25,Less Than 35,,,,,,,Female,17.44%,136,,Female,136,$2.82 ,$382.91 ,,,0,0,– ,– ,,,Undirrala66,5,3.412,17.06,,Final Critic,14,1.36,38.6,92,,,5,Less Than 10
21,Male,92,Final Critic,1.36,Pheusrical25,Less Than 25,,,,Purchasing Analysis,,,Male,81.15%,633,,Male,633,$2.95 ,"$1,867.68 ",,,5,28,$2.98 ,$83.46 ,,,Saedue76,4,3.39,13.56,,"Betrayal, Whisper of Grieving Widows",11,2.35,25.85,39,,,10,Less Than 15
23,Male,63,Stormfury Mace,1.27,Aela59,Less Than 25,,,,Number of Unique Items:,179,,Other / Non-Disclosed,1.41%,11,,Other / Non-Disclosed,11,$3.25 ,$35.74 ,,,10,35,$2.77 ,$96.95 ,,,Mindimnya67,4,3.185,12.74,,Arcane Gem,11,2.23,24.53,84,,,15,Less Than 20
20,Male,10,Sleepwalker,1.73,Tanimnya91,Less Than 25,,,,Average Purchase Price:, $2.93  ,,,,780,,,,,,,,15,133,$2.91 ,$386.42 ,,,Haellysu29,3,4.243333333,12.73,,Stormcaller,10,2.78,34.65,30,,,20,Less Than 25
20,Male,153,Mercenary Sabre,4.57,Undjaskla97,Less Than 25,,,,Total Number of Purchases:,780,,,,,,,,,,,,20,336,$2.91 ,$978.77 ,,,Eoda93,3,3.86,11.58,,Serenity,9,1.49,13.41,13,,,25,Less Than 30
29,Female,169,"Interrogator, Blood Blade of the Queen",3.32,Iathenudil29,Less Than 30,,,,Total Revenue:,"$2,286.33 ",,,,,,,,,,,,25,125,$2.96 ,$370.33 ,,,Isursti83,3,3.683333333,11.05,,Retribution Axe,9,4.14,37.26,34,,,30,Less Than 35
25,Male,118,"Ghost Reaver, Longsword of Magic",2.77,Sondenasta63,Less Than 30,,,,,,,,,,,,,,,,,30,64,$3.08 ,$197.25 ,,,Isurria36,3,3.67,11.01,,Trickster,9,2.07,18.63,31,,,35,Less Than 40
31,Male,99,"Expiration, Warscythe Of Lost Worlds",4.53,Hilaerin92,Less Than 35,,,,,,,,,,,,,,,,,35,42,$2.84 ,$119.40 ,,,Eusri70,3,3.516666667,10.55,,Woeful Adamantite Claymore,9,1.24,11.16,175,,,40,Less Than 45
24,Male,57,"Despair, Favor of Due Diligence",3.81,Chamosia29,Less Than 25,,,,,,,,,,,,,,,,,40,16,$3.19 ,$51.03 ,,,Aerithllora36,3,3.483333333,10.45,,Crucifer,8,2.28,20.2,1,,,45,Less Than 50
20,Male,47,"Alpha, Reach of Ending Hope",1.55,Sally64,Less Than 25,,,,,,,,,,,,,,,,,45,1,$2.72 ,$2.72 ,,,Yasriphos60,3,3.466666667,10.4,,"Splitter, Foe Of Subtlety",8,3.61,28.88,107,,,50,
30,Male,81,Dreamkiss,4.06,Iskossa88,Less Than 35,,,,,,,,,,,,,,,,,50,0,– ,– ,,,Sondastan54,4,2.56,10.24,,Crying Steel Sickle,8,2.29,18.32,106,,,,
23,Male,77,"Piety, Guardian of Riddles",3.68,Seorithstilis90,Less Than 25,,,,,,,,,,,,,,,,,,,,,,,Haerith37,3,3.38,10.14,,Bonecarvin Battle Axe,8,2.46,19.68,44,,,,
40,Male,44,Bonecarvin Battle Axe,2.46,Sundast29,Less Than 45,,,,,,,,,,,,,,,,,,,,,,,Chadjask77,3,3.336666667,10.01,,Conqueror Adamantite Mace,8,1.96,15.68,65,,,,
21,Male,96,Blood-Forged Skeletal Spine,4.77,Haellysu29,Less Than 25,,,,,,,,,,,,,,,,,,,,,,,Qarwen67,4,2.4925,9.97,,Darkheart,8,3.15,25.2,152,,,,
22,Female,123,Twilight's Carver,1.14,Sundista85,Less Than 25,,,,,,,,,,,,,,,,,,,,,,,Sondim43,3,3.126666667,9.38,,Alpha,7,1.56,10.92,130,,,,
22,Female,59,"Lightning, Etcher of the King",1.65,Aenarap34,Less Than 25,,,,,,,,,,,,,,,,,,,,,,,Tillyrin30,3,3.063333333,9.19,,Blade of the Grave,7,1.69,11.83,172,,,,
28,Male,91,Celeste,3.71,Iskista88,Less Than 30,,,,,,,,,,,,,,,,,,,,,,,Lisistaya47,3,3.063333333,9.19,,Victor Iron Spikes,7,3.55,24.85,66,,,,
31,Male,177,"Winterthorn, Defender of Shifting Worlds",4.89,Assossa43,Less Than 35,,,,,,,,,,,,,,,,,,,,,,,Tyisriphos58,2,4.59,9.18,,Brimstone,7,2.52,17.64,11,,,,
24,Male,78,"Glimmer, Ender of the Moon",2.33,Irith83,Less Than 25,,,,,,,,,,,,,,,,,,,,,,,Frichaya88,3,3.053333333,9.16,,Persuasion,7,3.27,24.15,132,,,,
15,Male,3,Phantomlight,1.79,Iaralrgue74,Less Than 20,,,,,,,,,,,,,,,,,,,,,,,Assassasta79,2,4.56,9.12,,"Alpha, Oath of Zeal",7,2.88,20.16,79,,,,
11,Female,11,Brimstone,2.52,Deural48,Less Than 15,,,,,,,,,,,,,,,,,,,,,,,Lisossan98,2,4.55,9.1,,Spectral Diamond Doomblade,7,4.25,29.75,115,,,,
19,Male,183,Dragon's Greatsword,2.36,Chanosia65,Less Than 20,,,,,,,,,,,,,,,,,,,,,,,Yadanun74,3,3.03,9.09,,Feral Katana,7,2.19,15.33,154,,,,
11,Male,65,Conqueror Adamantite Mace,1.96,Qarwen67,Less Than 15,,,,,,,,,,,,,,,,,,,,,,,Mindirra92,3,3.003333333,9.01,,"Torchlight, Bond of Storms",7,1.77,12.39,18,,,,
21,Male,63,Stormfury Mace,1.27,Idai61,Less Than 25,,,,,,,,,,,,,,,,,,,,,,,Aeliru63,2,4.49,8.98,,"Darkheart, Butcher of the Champion",7,3.56,24.92,158,,,,
29,Male,132,Persuasion,3.9,Aerithllora36,Less Than 30,,,,,,,,,,,,,,,,,,,,,,,Chanastsda67,3,2.986666667,8.96,,"Extraction, Quickblade Of Trembling Hands",7,3.39,23.73,108,,,,
34,Male,106,Crying Steel Sickle,2.29,Assastnya25,Less Than 35,,,,,,,,,,,,,,,,,,,,,,,Frichosiala98,3,2.98,8.94,,"Wolf, Promise of the Moonwalker",7,1.88,13.16,179,,,,
15,Male,49,"The Oculus, Token of Lost Worlds",4.23,Ilariarin45,Less Than 20,,,,,,,,,,,,,,,,,,,,,,,Malunil62,2,4.445,8.89,,Malificent Bag,6,2.17,13.02,85,,,,
16,Female,45,Glinting Glass Edge,2.46,Phaedai25,Less Than 20,,,,,,,,,,,,,,,,,,,,,,,Iskadarya95,2,4.395,8.79,,"Blazeguard, Reach of Eternity",6,4,24,128,,,,
21,Female,155,War-Forged Gold Deflector,3.73,Eulaeria40,Less Than 25,,,,,,,,,,,,,,,,,,,,,,,Ilogha82,2,4.305,8.61,,Avenger,6,4.16,24.96,102,,,,
18,Male,37,"Shadow Strike, Glory of Ending Hope",1.93,Iarilis73,Less Than 20,,,,,,,,,,,,,,,,,,,,,,,Yadaisuir65,2,4.28,8.56,,Amnesia,6,3.57,21.42,22,,,,
19,Male,48,"Rage, Legacy of the Lone Victor",4.32,Malunil62,Less Than 20,,,,,,,,,,,,,,,,,,,,,,,Indcil77,2,4.265,8.53,,Venom Claymore,6,2.72,16.32,124,,,,
24,Male,90,Betrayer,1.67,Iskimnya76,Less Than 25,,,,,,,,,,,,,,,,,,,,,,,Haedasu65,2,4.245,8.49,,Ritual Mace,6,3.74,22.44,73,,,,
22,Male,47,"Alpha, Reach of Ending Hope",1.55,Yararmol43,Less Than 25,,,,,,,,,,,,,,,,,,,,,,,Ingatcil75,2,4.22,8.44,,Celeste,6,3.71,22.26,91,,,,
21,Female,13,Serenity,1.49,Aisur51,Less Than 25,,,,,,,,,,,,,,,,,,,,,,,Narirra38,2,4.21,8.42,,"Alpha, Reach of Ending Hope",6,1.55,9.3,47,,,,
20,Male,44,Bonecarvin Battle Axe,2.46,Undare39,Less Than 25,,,,,,,,,,,,,,,,,,,,,,,Seorithstilis90,3,2.796666667,8.39,,"Thorn, Satchel of Dark Souls",6,4.51,27.06,7,,,,
31,Male,171,Scalpel,3.62,Sondossa91,Less Than 35,,,,,,,,,,,,,,,,,,,,,,,Lirtosia72,3,2.79,8.37,,Singed Scalpel,6,4.87,29.22,103,,,,
20,Male,25,Hero Cane,1.03,Chamjasknya65,Less Than 25,,,,,,,,,,,,,,,,,,,,,,,Eurisuru25,2,4.145,8.29,,"Warmonger, Gift of Suffering's End",6,3.96,23.76,148,,,,
23,Male,63,Stormfury Mace,1.27,Lassilsa63,Less Than 25,,,,,,,,,,,,,,,,,,,,,,,Shaidanu32,2,4.125,8.25,,Sleepwalker,6,1.73,10.38,10,,,,
32,Male,7,"Thorn, Satchel of Dark Souls",4.51,Tyisur83,Less Than 35,,,,,,,,,,,,,,,,,,,,,,,Jiskossa51,2,4.07,8.14,,"Purgatory, Gem of Regret",6,3.91,23.46,8,,,,
19,Female,124,Venom Claymore,2.72,Aeral43,Less Than 20,,,,,,,,,,,,,,,,,,,,,,,Lassjaskan73,2,3.99,7.98,,Soul Infused Crystal,6,1.03,6.18,15,,,,
24,Male,25,Hero Cane,1.03,Lassadarsda57,Less Than 25,,,,,,,,,,,,,,,,,,,,,,,Ethrusuard41,2,3.965,7.93,,Orenmir,6,4.95,29.7,32,,,,
22,Male,68,"Storm-Weaver, Slayer of Inception",2.49,Alaephos75,Less Than 25,,,,,,,,,,,,,,,,,,,,,,,Chadossa56,3,2.616666667,7.85,,Fiery Glass Crusader,6,4.45,26.7,145,,,,
22,Male,85,Malificent Bag,2.17,Frichjask31,Less Than 25,,,,,,,,,,,,,,,,,,,,,,,Ila44,3,2.613333333,7.84,,Massacre,6,3.42,20.52,121,,,,
20,Male,120,Agatha,1.91,Eusur90,Less Than 25,,,,,,,,,,,,,,,,,,,,,,,Yathecal72,2,3.885,7.77,,"Piety, Guardian of Riddles",5,3.68,18.4,77,,,,
11,Male,17,"Lazarus, Terror of the Earth",3.47,Palatyon26,Less Than 15,,,,,,,,,,,,,,,,,,,,,,,Lisjaskan36,2,3.84,7.68,,Blood Infused Guardian,5,2.86,14.3,144,,,,
24,Male,141,Persuasion,3.27,Saellyra72,Less Than 25,,,,,,,,,,,,,,,,,,,,,,,Eural50,2,3.84,7.68,,"Storm-Weaver, Slayer of Inception",5,2.49,12.45,68,,,,
20,Male,73,Ritual Mace,3.74,Ililsa62,Less Than 25,,,,,,,,,,,,,,,,,,,,,,,Reula64,2,3.785,7.57,,Primitive Blade,5,2.46,12.3,174,,,,
22,Male,151,Severance,1.85,Eosur70,Less Than 25,,,,,,,,,,,,,,,,,,,,,,,Airi27,2,3.785,7.57,,Twilight's Carver,5,1.14,5.7,123,,,,
32,Female,32,Orenmir,4.95,Saistyphos30,Less Than 35,,,,,,,,,,,,,,,,,,,,,,,Sondossa55,2,3.72,7.44,,Devine,5,1.45,7.25,161,,,,
16,Male,169,"Interrogator, Blood Blade of the Queen",3.32,Reula64,Less Than 20,,,,,,,,,,,,,,,,,,,,,,,Ililsa62,2,3.7,7.4,,Hope's End,5,3.89,19.45,70,,,,
24,Male,165,Bone Crushing Silver Skewer,3.37,Chanirrala39,Less Than 25,,,,,,,,,,,,,,,,,,,,,,,Tyadaru49,2,3.68,7.36,,"Rage, Legacy of the Lone Victor",5,4.32,21.6,48,,,,
22,Male,51,Endbringer,2.67,Chadanto83,Less Than 25,,,,,,,,,,,,,,,,,,,,,,,Ialistidru50,3,2.446666667,7.34,,Suspension,5,2.11,10.55,110,,,,
25,Female,101,Final Critic,4.62,Minduli80,Less Than 30,,,,,,,,,,,,,,,,,,,,,,,Deural48,2,3.635,7.27,,Dragon's Greatsword,5,2.36,11.8,183,,,,
24,Male,140,Striker,3.82,Heunadil74,Less Than 25,,,,,,,,,,,,,,,,,,,,,,,Eosurdru76,2,3.62,7.24,,Dawne,5,4.3,21.5,12,,,,
23,Male,31,Trickster,2.07,Marilsasya33,Less Than 25,,,,,,,,,,,,,,,,,,,,,,,Chanadar44,2,3.595,7.19,,Dreamkiss,5,4.06,20.3,81,,,,
24,Male,34,Retribution Axe,4.14,Alallo58,Less Than 25,,,,,,,,,,,,,,,,,,,,,,,Saellyra72,2,3.59,7.18,,"Deluge, Edge of the West",5,2.2,11,87,,,,
24,Female,65,Conqueror Adamantite Mace,1.96,Tyaeristi78,Less Than 25,,,,,,,,,,,,,,,,,,,,,,,Ryanara76,2,3.5,7,,Scalpel,5,3.62,18.1,171,,,,
15,Male,2,Verdict,3.4,Ila44,Less Than 20,,,,,,,,,,,,,,,,,,,,,,,Yarolwen77,2,3.49,6.98,,Possessed Core,5,1.59,7.95,14,,,,
31,Male,86,Stormfury Lantern,1.28,Iskossaya95,Less Than 35,,,,,,,,,,,,,,,,,,,,,,,Hilaerin92,2,3.435,6.87,,Second Chance,5,2.34,11.7,40,,,,
24,Male,39,"Betrayal, Whisper of Grieving Widows",2.35,Rinallorap73,Less Than 25,,,,,,,,,,,,,,,,,,,,,,,Aidain51,2,3.42,6.84,,Stormfury Longsword,5,4.83,24.15,173,,,,
19,Female,39,"Betrayal, Whisper of Grieving Widows",2.35,Aeri84,Less Than 20,,,,,,,,,,,,,,,,,,,,,,,Qilatie51,2,3.405,6.81,,Azurewrath,5,2.22,11.1,160,,,,
23,Male,28,"Flux, Destroyer of Due Diligence",3.04,Ryanara76,Less Than 25,,,,,,,,,,,,,,,,,,,,,,,Farusrian86,2,3.405,6.81,,Striker,5,3.82,19.1,140,,,,
15,Male,160,Azurewrath,2.22,Syally44,Less Than 20,,,,,,,,,,,,,,,,,,,,,,,Lassast89,2,3.39,6.78,,"Shadow Strike, Glory of Ending Hope",5,1.93,9.65,37,,,,
15,Male,134,Undead Crusader,4.67,Shaidanu32,Less Than 20,,,,,,,,,,,,,,,,,,,,,,,Raerithsti62,2,3.385,6.77,,"The Oculus, Token of Lost Worlds",5,4.23,21.15,49,,,,
18,Male,13,Serenity,1.49,Syasriria69,Less Than 20,,,,,,,,,,,,,,,,,,,,,,,Chanosiaya39,2,3.375,6.75,,Shadowsteel,5,1.98,9.9,170,,,,
25,Male,83,Lifebender,3.51,Lisiriya82,Less Than 30,,,,,,,,,,,,,,,,,,,,,,,Lisosiast26,2,3.37,6.74,,Toothpick,5,3.48,17.4,182,,,,
11,Male,38,"The Void, Vengeance of Dark Magic",2.82,Qarwen67,Less Than 15,,,,,,,,,,,,,,,,,,,,,,,Saida58,2,3.37,6.74,,Singed Onyx Warscythe,5,1.03,5.15,95,,,,
15,Male,7,"Thorn, Satchel of Dark Souls",4.51,Iskosia51,Less Than 20,,,,,,,,,,,,,,,,,,,,,,,Chanosia60,2,3.37,6.74,,Mercenary Sabre,5,4.57,22.85,153,,,,
7,Female,158,"Darkheart, Butcher of the Champion",3.56,Eosurdru76,Less Than 10,,,,,,,,,,,,,,,,,,,,,,,Aeliriam77,2,3.36,6.72,,Agatha,5,1.91,9.55,120,,,,
21,Male,85,Malificent Bag,2.17,Lassimla92,Less Than 25,,,,,,,,,,,,,,,,,,,,,,,Aduephos78,3,2.233333333,6.7,,"Oathbreaker, Spellblade of Trials",5,3.01,15.05,159,,,,
34,Male,110,Suspension,2.11,Tauldilsa43,Less Than 35,,,,,,,,,,,,,,,,,,,,,,,Iskosia51,2,3.35,6.7,,Curved Axe,5,1.35,6.75,33,,,,
16,Male,122,Unending Tyranny,1.21,Erudrion71,Less Than 20,,,,,,,,,,,,,,,,,,,,,,,Farenon57,2,3.32,6.64,,"Despair, Favor of Due Diligence",5,3.81,19.05,57,,,,
20,Male,54,Eternal Cleaver,3.14,Chanjaskan37,Less Than 25,,,,,,,,,,,,,,,,,,,,,,,Alaephos75,2,3.315,6.63,,Blindscythe,5,3.66,18.3,100,,,,
31,Male,31,Trickster,2.07,Sondastan54,Less Than 35,,,,,,,,,,,,,,,,,,,,,,,Aeri84,2,3.3,6.6,,Wolf,5,1.84,9.2,60,,,,
20,Male,105,Hailstorm Shadowsteel Scythe,3.73,Strithenu87,Less Than 25,,,,,,,,,,,,,,,,,,,,,,,Assylla81,2,3.3,6.6,,"Glimmer, Ender of the Moon",5,2.33,11.65,78,,,,
15,Male,87,"Deluge, Edge of the West",2.2,Chanastsda67,Less Than 20,,,,,,,,,,,,,,,,,,,,,,,Lisassasta50,2,3.295,6.59,,Hopeless Ebon Dualblade,5,4.75,23.75,46,,,,
23,Male,23,Crucifer,2.77,Baelollodeu94,Less Than 25,,,,,,,,,,,,,,,,,,,,,,,Marim28,2,3.28,6.56,,Misery's End,5,2.91,14.55,111,,,,
29,Male,144,Blood Infused Guardian,2.86,Undirrala66,Less Than 30,,,,,,,,,,,,,,,,,,,,,,,Tyananurgue44,2,3.275,6.55,,Unholy Wand,4,1.88,7.52,26,,,,
16,Female,128,"Blazeguard, Reach of Eternity",4,Chanosseya79,Less Than 20,,,,,,,,,,,,,,,,,,,,,,,Lisasi93,2,3.21,6.42,,Stormfury Lantern,4,1.28,5.12,86,,,,
38,Male,175,Woeful Adamantite Claymore,1.24,Yaristi64,Less Than 40,,,,,,,,,,,,,,,,,,,,,,,Chanastst38,2,3.21,6.42,,Yearning Mageblade,4,1.79,7.16,114,,,,
23,Male,46,Hopeless Ebon Dualblade,4.75,Airi27,Less Than 25,,,,,,,,,,,,,,,,,,,,,,,Ithergue48,2,3.21,6.42,,Brutality Ivory Warmace,4,1.72,6.88,75,,,,
25,Female,32,Orenmir,4.95,Frichaststa61,Less Than 30,,,,,,,,,,,,,,,,,,,,,,,Mindilsa60,2,3.185,6.37,,"Swan Song, Gouger Of Terror",4,3.58,14.32,97,,,,
25,Male,7,"Thorn, Satchel of Dark Souls",4.51,Raysistast71,Less Than 30,,,,,,,,,,,,,,,,,,,,,,,Iaralrgue74,2,3.18,6.36,,"Deadline, Voice Of Subtlety",4,3.62,14.48,98,,,,
20,Female,150,Deathraze,4.54,Ithergue48,Less Than 25,,,,,,,,,,,,,,,,,,,,,,,Sida61,2,3.17,6.34,,"Winterthorn, Defender of Shifting Worlds",4,4.89,19.56,177,,,,
27,Male,152,Darkheart,3.15,Chanastst38,Less Than 30,,,,,,,,,,,,,,,,,,,,,,,Rinallorap73,2,3.16,6.32,,"Interrogator, Blood Blade of the Queen",4,3.32,13.28,169,,,,
22,Male,108,"Extraction, Quickblade Of Trembling Hands",3.39,Sundosiasta28,Less Than 25,,,,,,,,,,,,,,,,,,,,,,,Chadanto83,2,3.115,6.23,,"Spada, Etcher of Hatred",4,2.21,8.84,157,,,,
23,Male,132,Persuasion,3.9,Undotesta33,Less Than 25,,,,,,,,,,,,,,,,,,,,,,,Marirrasta50,2,3.11,6.22,,Lifebender,4,3.51,14.04,83,,,,
22,Male,172,Blade of the Grave,1.69,Tyiaduenuru55,Less Than 25,,,,,,,,,,,,,,,,,,,,,,,Iskossan49,2,3.09,6.18,,Stormfury Mace,4,1.27,5.08,63,,,,
33,Male,91,Celeste,3.71,Iskjaskst81,Less Than 35,,,,,,,,,,,,,,,,,,,,,,,Chamosia29,2,3.08,6.16,,Demise,4,4.07,16.28,71,,,,
24,Male,167,"Malice, Legacy of the Queen",2.38,Iskjaskan81,Less Than 25,,,,,,,,,,,,,,,,,,,,,,,Filrion44,2,3.055,6.11,,Gladiator's Glaive,4,1.36,5.44,104,,,,
24,Male,181,Reaper's Toll,4.56,Frichim27,Less Than 25,,,,,,,,,,,,,,,,,,,,,,,Lassassasda30,2,3.035,6.07,,Netherbane,4,1.48,5.92,20,,,,
20,Male,20,Netherbane,1.48,Hailaphos89,Less Than 25,,,,,,,,,,,,,,,,,,,,,,,Eusur90,2,3.03,6.06,,Haunted Bronzed Bludgeon,4,4.12,16.48,76,,,,
23,Male,130,Alpha,1.56,Seorithstilis90,Less Than 25,,,,,,,,,,,,,,,,,,,,,,,Raillydeu47,2,3.01,6.02,,Nirvana,4,1.11,4.44,82,,,,
24,Male,111,Misery's End,2.91,Jiskjask80,Less Than 25,,,,,,,,,,,,,,,,,,,,,,,Saistyphos30,2,2.99,5.98,,"Fate, Vengeance of Eternal Justice",4,1.55,6.2,129,,,,
22,Female,54,Eternal Cleaver,3.14,Yasurra52,Less Than 25,,,,,,,,,,,,,,,,,,,,,,,Tyaelistidru84,2,2.985,5.97,,"Celeste, Incarnation of the Corrupted",4,2.31,9.24,67,,,,
17,Female,49,"The Oculus, Token of Lost Worlds",4.23,Assassasta79,Less Than 20,,,,,,,,,,,,,,,,,,,,,,,Pharithdil38,2,2.98,5.96,,Hero Cane,4,1.03,4.12,25,,,,
25,Male,47,"Alpha, Reach of Ending Hope",1.55,Lamyon68,Less Than 30,,,,,,,,,,,,,,,,,,,,,,,Lisossa63,3,1.973333333,5.92,,"Aetherius, Boon of the Blessed",4,4.75,19,137,,,,
20,Male,110,Suspension,2.11,Alo67,Less Than 25,,,,,,,,,,,,,,,,,,,,,,,Chanosiast43,2,2.96,5.92,,"Stormbringer, Dark Blade of Ending Misery",4,2.32,9.28,119,,,,
20,Male,103,Singed Scalpel,4.87,Farenon57,Less Than 25,,,,,,,,,,,,,,,,,,,,,,,Hailaphos89,4,1.4675,5.87,,Ragnarok,4,3.97,15.88,61,,,,
25,Male,30,Stormcaller,4.15,Assistasda90,Less Than 30,,,,,,,,,,,,,,,,,,,,,,,Eosur70,2,2.925,5.85,,Frenzied Scimitar,4,2.6,10.4,143,,,,
30,Male,51,Endbringer,2.67,Frichaya88,Less Than 35,,,,,,,,,,,,,,,,,,,,,,,Iskimnya76,2,2.91,5.82,,Relentless Iron Skewer,4,2.97,11.88,176,,,,
27,Male,139,"Mercy, Katana of Dismay",4.37,Marassanya92,Less Than 30,,,,,,,,,,,,,,,,,,,,,,,Sundaststa26,2,2.9,5.8,,Fury,4,4.82,19.28,131,,,,
34,Male,173,Stormfury Longsword,4.83,Iskista96,Less Than 35,,,,,,,,,,,,,,,,,,,,,,,Aeduera68,3,1.933333333,5.8,,Restored Bauble,4,3.11,12.44,16,,,,
20,Male,55,Vindictive Glass Edge,4.26,Mindirra92,Less Than 25,,,,,,,,,,,,,,,,,,,,,,,Lisirra55,2,2.895,5.79,,"The Void, Vengeance of Dark Magic",4,2.82,11.28,38,,,,
37,Female,174,Primitive Blade,2.46,Chadossa56,Less Than 40,,,,,,,,,,,,,,,,,,,,,,,Ethruard50,2,2.85,5.7,,Eternal Cleaver,4,3.14,12.56,54,,,,
29,Male,115,Spectral Diamond Doomblade,4.25,Undirrala66,Less Than 30,,,,,,,,,,,,,,,,,,,,,,,Chamadar61,2,2.835,5.67,,Undead Crusader,4,4.67,18.68,134,,,,
22,Male,35,Heartless Bone Dualblade,2.63,Eoda93,Less Than 25,,,,,,,,,,,,,,,,,,,,,,,Chamilsan75,2,2.82,5.64,,"Riddle, Tribute of Ended Dreams",4,3.96,15.84,27,,,,
20,Female,42,The Decapitator,4.82,Lassast89,Less Than 25,,,,,,,,,,,,,,,,,,,,,,,Tyirithnu40,2,2.805,5.61,,Hatred,4,4.39,17.56,52,,,,
20,Female,13,Serenity,1.49,Philodil43,Less Than 25,,,,,,,,,,,,,,,,,,,,,,,Assassa38,2,2.805,5.61,,"Expiration, Warscythe Of Lost Worlds",4,4.53,18.12,99,,,,
19,Male,160,Azurewrath,2.22,Tyirithnu40,Less Than 20,,,,,,,,,,,,,,,,,,,,,,,Eurallo89,2,2.8,5.6,,Whistling Mithril Warblade,4,4.32,17.28,125,,,,
25,Male,57,"Despair, Favor of Due Diligence",3.81,Haerith37,Less Than 30,,,,,,,,,,,,,,,,,,,,,,,Sausosia74,2,2.795,5.59,,Severance,4,1.85,7.4,151,,,,
20,Male,152,Darkheart,3.15,Jeyciman68,Less Than 25,,,,,,,,,,,,,,,,,,,,,,,Liri91,2,2.795,5.59,,"Heartstriker, Legacy of the Light",4,4.15,16.6,117,,,,
20,Male,130,Alpha,1.56,Chamirraya83,Less Than 25,,,,,,,,,,,,,,,,,,,,,,,Chanirrala39,2,2.78,5.56,,Faith's Scimitar,4,3.82,15.28,133,,,,
23,Male,9,"Thorn, Conqueror of the Corrupted",2.04,Yasur85,Less Than 25,,,,,,,,,,,,,,,,,,,,,,,Seosri62,2,2.765,5.53,,Apocalyptic Battlescythe,4,3.91,15.64,93,,,,
25,Male,84,Arcane Gem,2.23,Koikirra25,Less Than 30,,,,,,,,,,,,,,,,,,,,,,,Chamilsala65,2,2.76,5.52,,Hailstorm Shadowsteel Scythe,3,3.73,11.19,105,,,,
11,Male,160,Azurewrath,2.22,Qarwen67,Less Than 15,,,,,,,,,,,,,,,,,,,,,,,Tyaelo67,2,2.74,5.48,,Heartless Bone Dualblade,3,2.63,7.89,35,,,,
23,Male,46,Hopeless Ebon Dualblade,4.75,Quarunarn52,Less Than 25,,,,,,,,,,,,,,,,,,,,,,,Raesty92,2,2.73,5.46,,Vengeance Cleaver,3,3.7,11.1,53,,,,
19,Male,180,Stormcaller,2.78,Yasur35,Less Than 20,,,,,,,,,,,,,,,,,,,,,,,Iskossa88,2,2.725,5.45,,"Mercy, Katana of Dismay",3,4.37,13.11,139,,,,
31,Male,102,Avenger,4.16,Isurriarap71,Less Than 35,,,,,,,,,,,,,,,,,,,,,,,Queusurra38,2,2.7,5.4,,"Heartseeker, Reaver of Souls",3,3.21,9.63,127,,,,
7,Male,175,Woeful Adamantite Claymore,1.24,Lassjask63,Less Than 10,,,,,,,,,,,,,,,,,,,,,,,Tyeosri53,2,2.605,5.21,,Orbit,3,1.16,3.48,41,,,,
18,Female,53,Vengeance Cleaver,3.7,Iliel92,Less Than 20,,,,,,,,,,,,,,,,,,,,,,,Raesursurap33,2,2.6,5.2,,Unending Tyranny,3,1.21,3.63,122,,,,
19,Male,73,Ritual Mace,3.74,Arithllorin55,Less Than 20,,,,,,,,,,,,,,,,,,,,,,,Lisovynya38,2,2.575,5.15,,Righteous Might,3,4.36,13.08,142,,,,
22,Male,18,"Torchlight, Bond of Storms",1.77,Silideu44,Less Than 25,,,,,,,,,,,,,,,,,,,,,,,Lassassast73,2,2.555,5.11,,Solitude's Reaver,3,2.67,8.01,113,,,,
7,Female,10,Sleepwalker,1.73,Heosurnuru52,Less Than 10,,,,,,,,,,,,,,,,,,,,,,,Iskista88,2,2.535,5.07,,"Frenzy, Defender of the Harvest",3,1.06,3.18,69,,,,
25,Male,34,Retribution Axe,4.14,Raesty92,Less Than 30,,,,,,,,,,,,,,,,,,,,,,,Streural92,2,2.53,5.06,,Reaper's Toll,3,4.56,13.68,181,,,,
23,Female,74,Yearning Crusher,1.06,Eyircil84,Less Than 25,,,,,,,,,,,,,,,,,,,,,,,Aelalis34,2,2.53,5.06,,Rusty Skull,3,1.2,3.6,6,,,,
24,Male,140,Striker,3.82,Isursti83,Less Than 25,,,,,,,,,,,,,,,,,,,,,,,Thryallym62,2,2.5,5,,"Lazarus, Terror of the Earth",3,3.47,10.41,17,,,,
23,Female,126,Exiled Mithril Longsword,3.25,Eurinu48,Less Than 25,,,,,,,,,,,,,,,,,,,,,,,Qiluard68,1,4.95,4.95,,"Chaos, Ender of the End",3,3.79,11.37,29,,,,
24,Male,50,Dawn,2.55,Saedaiphos46,Less Than 25,,,,,,,,,,,,,,,,,,,,,,,Palurrian69,1,4.95,4.95,,Endbringer,3,2.67,8.01,51,,,,
29,Male,62,Piece Maker,4.36,Undirrala66,Less Than 30,,,,,,,,,,,,,,,,,,,,,,,Tyarithn67,1,4.95,4.95,,The Decapitator,3,4.82,14.46,42,,,,
23,Male,125,Whistling Mithril Warblade,4.32,Jiskossa51,Less Than 25,,,,,,,,,,,,,,,,,,,,,,,Frichaststa61,1,4.95,4.95,,Bone Crushing Silver Skewer,3,3.37,10.11,165,,,,
17,Female,108,"Extraction, Quickblade Of Trembling Hands",3.39,Sundossast30,Less Than 20,,,,,,,,,,,,,,,,,,,,,,,Syathe73,1,4.89,4.89,,Abyssal Shard,3,2.04,6.12,162,,,,
23,Male,152,Darkheart,3.15,Ialallo29,Less Than 25,,,,,,,,,,,,,,,,,,,,,,,Assossa43,1,4.89,4.89,,Mourning Blade,3,1.82,5.46,94,,,,
18,Male,68,"Storm-Weaver, Slayer of Inception",2.49,Syasriria69,Less Than 20,,,,,,,,,,,,,,,,,,,,,,,Iathenudil29,2,2.44,4.88,,Thirsty Iron Reaver,3,4.25,12.75,166,,,,
16,Male,121,Massacre,3.42,Chanosia60,Less Than 20,,,,,,,,,,,,,,,,,,,,,,,Idaria87,1,4.87,4.87,,War-Forged Gold Deflector,3,3.73,11.19,155,,,,
13,Female,20,Netherbane,1.48,Ilosia37,Less Than 15,,,,,,,,,,,,,,,,,,,,,,,Anallorgue57,1,4.87,4.87,,"Ghost Reaver, Longsword of Magic",3,2.77,8.31,118,,,,
28,Male,129,"Fate, Vengeance of Eternal Justice",1.55,Tyeulisu40,Less Than 30,,,,,,,,,,,,,,,,,,,,,,,Ilophos58,1,4.87,4.87,,Warped Diamond Crusader,3,4.66,13.98,135,,,,
22,Male,91,Celeste,3.71,Yaliru88,Less Than 25,,,,,,,,,,,,,,,,,,,,,,,Hiasur92,1,4.87,4.87,,Thunderfury Scimitar,3,3.02,9.06,163,,,,
25,Male,149,"Tranquility, Razor of Black Magic",2.47,Jiskassa76,Less Than 30,,,,,,,,,,,,,,,,,,,,,,,Iasur80,1,4.87,4.87,,Betrayer,3,1.67,5.01,90,,,,
24,Male,12,Dawne,4.3,Idairin80,Less Than 25,,,,,,,,,,,,,,,,,,,,,,,Iskista96,1,4.83,4.83,,Putrid Fan,3,1.32,3.96,5,,,,
17,Male,7,"Thorn, Satchel of Dark Souls",4.51,Dyally87,Less Than 20,,,,,,,,,,,,,,,,,,,,,,,Chamirraya83,2,2.415,4.83,,Spectral Bone Axe,3,2.98,8.94,36,,,,
15,Male,175,Woeful Adamantite Claymore,1.24,Quarusrion32,Less Than 20,,,,,,,,,,,,,,,,,,,,,,,Tyeuladeu30,1,4.82,4.82,,Dawn,3,2.55,7.65,50,,,,
20,Male,44,Bonecarvin Battle Axe,2.46,Adairialis76,Less Than 25,,,,,,,,,,,,,,,,,,,,,,,Heosrisuir72,1,4.82,4.82,,Glinting Glass Edge,3,2.46,7.38,45,,,,
11,Male,71,Demise,4.07,Lirtilsan89,Less Than 15,,,,,,,,,,,,,,,,,,,,,,,Yarithsurgue62,2,2.405,4.81,,Souleater,3,3.27,9.81,21,,,,
23,Male,71,Demise,4.07,Reolacal36,Less Than 25,,,,,,,,,,,,,,,,,,,,,,,Sweecossa42,2,2.405,4.81,,Warped Iron Scimitar,2,4.08,8.16,146,,,,
22,Male,158,"Darkheart, Butcher of the Champion",3.56,Chadanto83,Less Than 25,,,,,,,,,,,,,,,,,,,,,,,Lassjask63,2,2.4,4.8,,Vindictive Glass Edge,2,4.26,8.52,55,,,,
18,Male,14,Possessed Core,1.59,Lisirrast82,Less Than 20,,,,,,,,,,,,,,,,,,,,,,,Marilsa48,1,4.75,4.75,,Yearning Crusher,2,1.06,2.12,74,,,,
13,Male,175,Woeful Adamantite Claymore,1.24,Ilrian97,Less Than 15,,,,,,,,,,,,,,,,,,,,,,,Phenastya51,1,4.75,4.75,,Deathraze,2,4.54,9.08,150,,,,
25,Male,58,"Freak's Bite, Favor of Holy Might",3.03,Tyadaru49,Less Than 30,,,,,,,,,,,,,,,,,,,,,,,Quarunarn52,1,4.75,4.75,,"Emberling, Defender of Delusions",2,4.1,8.2,88,,,,
20,Male,37,"Shadow Strike, Glory of Ending Hope",1.93,Sweecossa42,Less Than 25,,,,,,,,,,,,,,,,,,,,,,,Heuralsti66,1,4.75,4.75,,"Thorn, Conqueror of the Corrupted",2,2.04,4.08,9,,,,
13,Male,17,"Lazarus, Terror of the Earth",3.47,Streural92,Less Than 15,,,,,,,,,,,,,,,,,,,,,,,Irithrap69,1,4.75,4.75,,"Pursuit, Cudgel of Necromancy",2,3.98,7.96,19,,,,
23,Male,155,War-Forged Gold Deflector,3.73,Queusurra38,Less Than 25,,,,,,,,,,,,,,,,,,,,,,,Eustyria89,1,4.75,4.75,,"Blazefury, Protector of Delusions",2,1.5,3,89,,,,
27,Female,39,"Betrayal, Whisper of Grieving Widows",2.35,Lassilsa41,Less Than 30,,,,,,,,,,,,,,,,,,,,,,,Assastnya25,2,2.375,4.75,,Dreamsong,2,3.81,7.62,80,,,,
22,Male,105,Hailstorm Shadowsteel Scythe,3.73,Aisurphos78,Less Than 25,,,,,,,,,,,,,,,,,,,,,,,Riralsti91,1,4.67,4.67,,Renewed Skeletal Katana,2,2.37,4.74,116,,,,
17,Female,27,"Riddle, Tribute of Ended Dreams",3.96,Marim28,Less Than 20,,,,,,,,,,,,,,,,,,,,,,,Iskichinya81,1,4.67,4.67,,"Freak's Bite, Favor of Holy Might",2,3.03,6.06,58,,,,
20,Male,52,Hatred,4.39,Taeduenu92,Less Than 25,,,,,,,,,,,,,,,,,,,,,,,Aesur96,1,4.66,4.66,,"Tranquility, Razor of Black Magic",2,2.47,4.94,149,,,,
25,Female,66,Victor Iron Spikes,3.55,Eodailis27,Less Than 30,,,,,,,,,,,,,,,,,,,,,,,Minduli80,1,4.62,4.62,,Warped Fetish,2,2.41,4.82,24,,,,
20,Male,100,Blindscythe,3.66,Lassjaskan73,Less Than 25,,,,,,,,,,,,,,,,,,,,,,,Lirtossa84,1,4.62,4.62,,Piece Maker,2,4.36,8.72,62,,,,
25,Male,112,Worldbreaker,3.29,Yadanun74,Less Than 30,,,,,,,,,,,,,,,,,,,,,,,Sondim68,1,4.62,4.62,,Winter's Bite,2,1.39,2.78,72,,,,
21,Male,24,Warped Fetish,2.41,Iskossasda43,Less Than 25,,,,,,,,,,,,,,,,,,,,,,,Undjaskla97,1,4.57,4.57,,"Oathbreaker, Last Hope of the Breaking Storm",2,2.41,4.82,178,,,,
15,Male,94,Mourning Blade,1.82,Aesty51,Less Than 20,,,,,,,,,,,,,,,,,,,,,,,Saelaephos52,1,4.56,4.56,,Worldbreaker,2,3.29,6.58,112,,,,
23,Male,158,"Darkheart, Butcher of the Champion",3.56,Tyida79,Less Than 25,,,,,,,,,,,,,,,,,,,,,,,Frichim27,1,4.56,4.56,,Blood-Forged Skeletal Spine,2,4.77,9.54,96,,,,
27,Male,107,"Splitter, Foe Of Subtlety",3.61,Frichossast75,Less Than 30,,,,,,,,,,,,,,,,,,,,,,,Ina92,1,4.54,4.54,,Fusion Pummel,2,3.58,7.16,64,,,,
20,Male,106,Crying Steel Sickle,2.29,Eratiel90,Less Than 25,,,,,,,,,,,,,,,,,,,,,,,Undjasksya56,1,4.53,4.53,,"Malice, Legacy of the Queen",2,2.38,4.76,167,,,,
22,Male,173,Stormfury Longsword,4.83,Eoda93,Less Than 25,,,,,,,,,,,,,,,,,,,,,,,Tyisur83,1,4.51,4.51,,Foul Titanium Battle Axe,2,4.33,8.66,56,,,,
15,Male,86,Stormfury Lantern,1.28,Chamirra53,Less Than 20,,,,,,,,,,,,,,,,,,,,,,,Raysistast71,1,4.51,4.51,,Soul-Forged Steel Shortsword,1,1.16,1.16,156,,,,
17,Male,124,Venom Claymore,2.72,Alarap40,Less Than 20,,,,,,,,,,,,,,,,,,,,,,,Syalollorap93,1,4.51,4.51,,Verdict,1,3.4,3.4,2,,,,
15,Male,102,Avenger,4.16,Ralaeriadeu65,Less Than 20,,,,,,,,,,,,,,,,,,,,,,,Dyally87,1,4.51,4.51,,"Sun Strike, Jaws of Twisted Visions",1,2.64,2.64,168,,,,
9,Male,71,Demise,4.07,Reulae52,Less Than 10,,,,,,,,,,,,,,,,,,,,,,,Iadueria43,2,2.25,4.5,,Exiled Doomblade,1,1.92,1.92,164,,,,
21,Male,84,Arcane Gem,2.23,Stryanastip77,Less Than 25,,,,,,,,,,,,,,,,,,,,,,,Chamistast30,3,1.496666667,4.49,,"Lightning, Etcher of the King",1,1.65,1.65,59,,,,
21,Male,106,Crying Steel Sickle,2.29,Iskirra45,Less Than 25,,,,,,,,,,,,,,,,,,,,,,,Stryanastip77,2,2.23,4.46,,Phantomlight,1,1.79,1.79,3,,,,
30,Male,0,Splinter,1.82,Chadadarya31,Less Than 35,,,,,,,,,,,,,,,,,,,,,,,Leyirra83,1,4.45,4.45,,Bloodlord's Fetish,1,2.28,2.28,4,,,,
24,Male,182,Toothpick,3.48,Heuli25,Less Than 25,,,,,,,,,,,,,,,,,,,,,,,Qarrian82,1,4.45,4.45,,"Downfall, Scalpel Of The Emperor",1,3.2,3.2,109,,,,
35,Male,34,Retribution Axe,4.14,Raillydeu47,Less Than 40,,,,,,,,,,,,,,,,,,,,,,,Lassilsa41,2,2.21,4.42,,"Hellreaver, Heirloom of Inception",1,3.59,3.59,147,,,,
21,Male,182,Toothpick,3.48,Chamadar61,Less Than 25,,,,,,,,,,,,,,,,,,,,,,,Sundast29,2,2.21,4.42,,Foul Edge,1,2.38,2.38,43,,,,
34,Other / Non-Disclosed,155,War-Forged Gold Deflector,3.73,Assassa38,Less Than 35,,,,,,,,,,,,,,,,,,,,,,,Taeduenu92,1,4.39,4.39,,Ghastly Adamantite Protector,1,3.3,3.3,136,,,,
15,Male,97,"Swan Song, Gouger Of Terror",3.58,Shaidanu32,Less Than 20,,,,,,,,,,,,,,,,,,,,,,,Ethralista69,1,4.39,4.39,,Exiled Mithril Longsword,1,3.25,3.25,126,,,,
40,Male,70,Hope's End,3.89,Chanosiaya39,Less Than 45,,,,,,,,,,,,,,,,,,,,,,,Lamon28,1,4.39,4.39,,Splinter,1,1.82,1.82,0,,,,
18,Female,89,"Blazefury, Protector of Delusions",1.5,Raeri71,Less Than 20,,,,,,,,,,,,,,,,,,,,,,,Marassanya92,1,4.37,4.37,,"Flux, Destroyer of Due Diligence",1,3.04,3.04,28,,,,
24,Male,1,Crucifer,2.28,Hiasri33,Less Than 25,,,,,,,,,,,,,,,,,,,,,,,Eurith26,1,4.37,4.37,,(blank),,,,,,,,
24,Male,130,Alpha,1.56,Lisossa25,Less Than 25,,,,,,,,,,,,,,,,,,,,,,,Lirtista72,1,4.36,4.36,,,,,,,,,,
23,Female,87,"Deluge, Edge of the West",2.2,Sundassa93,Less Than 25,,,,,,,,,,,,,,,,,,,,,,,Isrirgue68,1,4.36,4.36,,,,,,,,,,
11,Male,170,Shadowsteel,1.98,Rina82,Less Than 15,,,,,,,,,,,,,,,,,,,,,,,Quelatarn54,1,4.33,4.33,,,,,,,,,,
22,Male,167,"Malice, Legacy of the Queen",2.38,Siarinum43,Less Than 25,,,,,,,,,,,,,,,,,,,,,,,Irillo49,1,4.32,4.32,,,,,,,,,,
40,Male,144,Blood Infused Guardian,2.86,Chanosiaya39,Less Than 45,,,,,,,,,,,,,,,,,,,,,,,Aellyria80,1,4.32,4.32,,,,,,,,,,
20,Female,93,Apocalyptic Battlescythe,3.91,Eurallo89,Less Than 25,,,,,,,,,,,,,,,,,,,,,,,Sundadarla27,1,4.3,4.3,,,,,,,,,,
20,Male,78,"Glimmer, Ender of the Moon",2.33,Hirirap39,Less Than 25,,,,,,,,,,,,,,,,,,,,,,,Chamadar79,1,4.3,4.3,,,,,,,,,,
35,Male,179,"Wolf, Promise of the Moonwalker",1.88,Raillydeu47,Less Than 40,,,,,,,,,,,,,,,,,,,,,,,Idairin80,1,4.3,4.3,,,,,,,,,,
30,Male,36,Spectral Bone Axe,2.98,Frichaya88,Less Than 35,,,,,,,,,,,,,,,,,,,,,,,Chamadarnya73,1,4.3,4.3,,,,,,,,,,
20,Male,75,Brutality Ivory Warmace,1.72,Aidaira26,Less Than 25,,,,,,,,,,,,,,,,,,,,,,,Thourdirra92,1,4.25,4.25,,,,,,,,,,
20,Male,91,Celeste,3.71,Zontibe81,Less Than 25,,,,,,,,,,,,,,,,,,,,,,,Lisassa26,1,4.25,4.25,,,,,,,,,,
19,Male,101,Final Critic,4.62,Farusrian86,Less Than 20,,,,,,,,,,,,,,,,,,,,,,,Euna48,1,4.25,4.25,,,,,,,,,,
24,Male,39,"Betrayal, Whisper of Grieving Widows",2.35,Undadarla37,Less Than 25,,,,,,,,,,,,,,,,,,,,,,,Aeral85,1,4.25,4.25,,,,,,,,,,
14,Male,160,Azurewrath,2.22,Lirtossa78,Less Than 15,,,,,,,,,,,,,,,,,,,,,,,Eoralphos86,2,2.125,4.25,,,,,,,,,,
20,Male,89,"Blazefury, Protector of Delusions",1.5,Chanirra56,Less Than 25,,,,,,,,,,,,,,,,,,,,,,,Phaeduesurgue38,1,4.23,4.23,,,,,,,,,,
20,Female,65,Conqueror Adamantite Mace,1.96,Lassast89,Less Than 25,,,,,,,,,,,,,,,,,,,,,,,Ilariarin45,1,4.23,4.23,,,,,,,,,,
18,Male,44,Bonecarvin Battle Axe,2.46,Lisasi93,Less Than 20,,,,,,,,,,,,,,,,,,,,,,,Frichadar89,1,4.23,4.23,,,,,,,,,,
30,Female,180,Stormcaller,2.78,Phadai31,Less Than 35,,,,,,,,,,,,,,,,,,,,,,,Chamadar27,1,4.23,4.23,,,,,,,,,,
22,Male,143,Frenzied Scimitar,2.6,Tyithesura58,Less Than 25,,,,,,,,,,,,,,,,,,,,,,,Yaralnura48,2,2.095,4.19,,,,,,,,,,
12,Male,137,"Aetherius, Boon of the Blessed",4.75,Marilsa48,Less Than 15,,,,,,,,,,,,,,,,,,,,,,,Frichistasta59,2,2.085,4.17,,,,,,,,,,
24,Male,176,Relentless Iron Skewer,2.97,Siarithria38,Less Than 25,,,,,,,,,,,,,,,,,,,,,,,Layjask75,1,4.16,4.16,,,,,,,,,,
18,Male,148,"Warmonger, Gift of Suffering's End",3.96,Lisasi93,Less Than 20,,,,,,,,,,,,,,,,,,,,,,,Ralaeriadeu65,1,4.16,4.16,,,,,,,,,,
19,Male,127,"Heartseeker, Reaver of Souls",3.21,Marirrasta50,Less Than 20,,,,,,,,,,,,,,,,,,,,,,,Marilsanya48,1,4.16,4.16,,,,,,,,,,
17,Male,147,"Hellreaver, Heirloom of Inception",3.59,Airidil41,Less Than 20,,,,,,,,,,,,,,,,,,,,,,,Isurriarap71,1,4.16,4.16,,,,,,,,,,
25,Male,161,Devine,1.45,Sausosia74,Less Than 30,,,,,,,,,,,,,,,,,,,,,,,Sirira97,1,4.15,4.15,,,,,,,,,,
25,Male,154,Feral Katana,2.19,Yadanun74,Less Than 30,,,,,,,,,,,,,,,,,,,,,,,Undirra73,1,4.15,4.15,,,,,,,,,,
22,Female,13,Serenity,1.49,Sialaera37,Less Than 25,,,,,,,,,,,,,,,,,,,,,,,Assistasda90,1,4.15,4.15,,,,,,,,,,
33,Other / Non-Disclosed,157,"Spada, Etcher of Hatred",2.21,Frichistasta59,Less Than 35,,,,,,,,,,,,,,,,,,,,,,,Sondadar26,1,4.14,4.14,,,,,,,,,,
22,Male,152,Darkheart,3.15,Phadue96,Less Than 25,,,,,,,,,,,,,,,,,,,,,,,Ralasti48,1,4.14,4.14,,,,,,,,,,
24,Male,176,Relentless Iron Skewer,2.97,Chanirra79,Less Than 25,,,,,,,,,,,,,,,,,,,,,,,Iskistasda86,1,4.14,4.14,,,,,,,,,,
40,Male,111,Misery's End,2.91,Yarmol79,Less Than 45,,,,,,,,,,,,,,,,,,,,,,,Alallo58,1,4.14,4.14,,,,,,,,,,
24,Male,127,"Heartseeker, Reaver of Souls",3.21,Astydil38,Less Than 25,,,,,,,,,,,,,,,,,,,,,,,Saistydru69,1,4.12,4.12,,,,,,,,,,
27,Female,148,"Warmonger, Gift of Suffering's End",3.96,Jiskirran77,Less Than 30,,,,,,,,,,,,,,,,,,,,,,,Chamim85,1,4.12,4.12,,,,,,,,,,
20,Female,154,Feral Katana,2.19,Marjasksda39,Less Than 25,,,,,,,,,,,,,,,,,,,,,,,Lisirraya76,1,4.1,4.1,,,,,,,,,,
13,Female,116,Renewed Skeletal Katana,2.37,Eoralphos86,Less Than 15,,,,,,,,,,,,,,,,,,,,,,,Whaestysu86,1,4.08,4.08,,,,,,,,,,
18,Male,106,Crying Steel Sickle,2.29,Lisovynya38,Less Than 20,,,,,,,,,,,,,,,,,,,,,,,Ialo60,1,4.08,4.08,,,,,,,,,,
20,Male,31,Trickster,2.07,Hailaphos89,Less Than 25,,,,,,,,,,,,,,,,,,,,,,,Lirtilsan89,1,4.07,4.07,,,,,,,,,,
27,Male,148,"Warmonger, Gift of Suffering's End",3.96,Frichim77,Less Than 30,,,,,,,,,,,,,,,,,,,,,,,Marundi65,1,4.07,4.07,,,,,,,,,,
33,Male,152,Darkheart,3.15,Aellyrialis39,Less Than 35,,,,,,,,,,,,,,,,,,,,,,,Reolacal36,1,4.07,4.07,,,,,,,,,,
24,Female,61,Ragnarok,3.97,Chamilsan75,Less Than 25,,,,,,,,,,,,,,,,,,,,,,,Reulae52,1,4.07,4.07,,,,,,,,,,
24,Male,131,Fury,4.82,Saida58,Less Than 25,,,,,,,,,,,,,,,,,,,,,,,Lisjasksda68,2,2.025,4.05,,,,,,,,,,
30,Male,41,Orbit,1.16,Eusri70,Less Than 35,,,,,,,,,,,,,,,,,,,,,,,Asur53,2,2.02,4.04,,,,,,,,,,
26,Male,106,Crying Steel Sickle,2.29,Aeduera68,Less Than 30,,,,,,,,,,,,,,,,,,,,,,,Phairinum94,1,4,4,,,,,,,,,,
20,Male,152,Darkheart,3.15,Qilatie51,Less Than 25,,,,,,,,,,,,,,,,,,,,,,,Chanosseya79,1,4,4,,,,,,,,,,
25,Female,92,Final Critic,1.36,Chamistast30,Less Than 30,,,,,,,,,,,,,,,,,,,,,,,Aillycal84,1,4,4,,,,,,,,,,
20,Male,32,Orenmir,4.95,Qiluard68,Less Than 25,,,,,,,,,,,,,,,,,,,,,,,Iri67,1,4,4,,,,,,,,,,
24,Male,145,Fiery Glass Crusader,4.45,Tyaelo67,Less Than 25,,,,,,,,,,,,,,,,,,,,,,,Syasriria69,2,1.99,3.98,,,,,,,,,,
26,Female,129,"Fate, Vengeance of Eternal Justice",1.55,Rithe77,Less Than 30,,,,,,,,,,,,,,,,,,,,,,,Smecherdi88,1,3.96,3.96,,,,,,,,,,
15,Male,140,Striker,3.82,Tyeosristi57,Less Than 20,,,,,,,,,,,,,,,,,,,,,,,Ralonurin90,1,3.96,3.96,,,,,,,,,,
20,Male,125,Whistling Mithril Warblade,4.32,Lassjaskan73,Less Than 25,,,,,,,,,,,,,,,,,,,,,,,Frichim77,1,3.96,3.96,,,,,,,,,,
16,Female,60,Wolf,1.84,Eoral49,Less Than 20,,,,,,,,,,,,,,,,,,,,,,,Jiskirran77,1,3.96,3.96,,,,,,,,,,
25,Male,129,"Fate, Vengeance of Eternal Justice",1.55,Aelollo59,Less Than 30,,,,,,,,,,,,,,,,,,,,,,,Hiadanurin36,1,3.96,3.96,,,,,,,,,,
24,Male,123,Twilight's Carver,1.14,Lisossa63,Less Than 25,,,,,,,,,,,,,,,,,,,,,,,Inguard95,1,3.96,3.96,,,,,,,,,,
35,Male,162,Abyssal Shard,2.04,Wailin72,Less Than 40,,,,,,,,,,,,,,,,,,,,,,,Rasrirgue43,1,3.91,3.91,,,,,,,,,,
22,Male,154,Feral Katana,2.19,Yarithllodeu72,Less Than 25,,,,,,,,,,,,,,,,,,,,,,,Styaduen40,1,3.91,3.91,,,,,,,,,,
7,Male,121,Massacre,3.42,Lisistaya47,Less Than 10,,,,,,,,,,,,,,,,,,,,,,,Lisistasya93,1,3.91,3.91,,,,,,,,,,
40,Female,49,"The Oculus, Token of Lost Worlds",4.23,Chamadar27,Less Than 45,,,,,,,,,,,,,,,,,,,,,,,Undadar97,1,3.91,3.91,,,,,,,,,,
24,Female,58,"Freak's Bite, Favor of Holy Might",3.03,Ethruard50,Less Than 25,,,,,,,,,,,,,,,,,,,,,,,Seolollo93,1,3.91,3.91,,,,,,,,,,
24,Male,121,Massacre,3.42,Lisossa63,Less Than 25,,,,,,,,,,,,,,,,,,,,,,,Bartassaya73,1,3.91,3.91,,,,,,,,,,
32,Male,135,Warped Diamond Crusader,4.66,Yathecal72,Less Than 35,,,,,,,,,,,,,,,,,,,,,,,Jiskimsda56,1,3.91,3.91,,,,,,,,,,
27,Female,182,Toothpick,3.48,Ilimya66,Less Than 30,,,,,,,,,,,,,,,,,,,,,,,Iladarla40,2,1.955,3.91,,,,,,,,,,
21,Male,157,"Spada, Etcher of Hatred",2.21,Ialistidru50,Less Than 25,,,,,,,,,,,,,,,,,,,,,,,Cosadar58,1,3.91,3.91,,,,,,,,,,
21,Other / Non-Disclosed,183,Dragon's Greatsword,2.36,Tyaerith73,Less Than 25,,,,,,,,,,,,,,,,,,,,,,,Undotesta33,1,3.9,3.9,,,,,,,,,,
30,Male,8,"Purgatory, Gem of Regret",3.91,Lisistasya93,Less Than 35,,,,,,,,,,,,,,,,,,,,,,,Mindjasksya61,1,3.89,3.89,,,,,,,,,,
20,Male,12,Dawne,4.3,Chamadar79,Less Than 25,,,,,,,,,,,,,,,,,,,,,,,Assassasda84,1,3.89,3.89,,,,,,,,,,
25,Male,23,Crucifer,2.77,Haerith37,Less Than 30,,,,,,,,,,,,,,,,,,,,,,,Assassa43,1,3.89,3.89,,,,,,,,,,
20,Male,40,Second Chance,2.34,Iallyphos37,Less Than 25,,,,,,,,,,,,,,,,,,,,,,,Reuthelis39,2,1.935,3.87,,,,,,,,,,
24,Male,15,Soul Infused Crystal,1.03,Tyaelo67,Less Than 25,,,,,,,,,,,,,,,,,,,,,,,Jiskassa76,2,1.915,3.83,,,,,,,,,,
25,Male,115,Spectral Diamond Doomblade,4.25,Ilogha82,Less Than 30,,,,,,,,,,,,,,,,,,,,,,,Meosridil82,2,1.91,3.82,,,,,,,,,,
19,Female,115,Spectral Diamond Doomblade,4.25,Aeri84,Less Than 20,,,,,,,,,,,,,,,,,,,,,,,Tyeosristi57,1,3.82,3.82,,,,,,,,,,
22,Male,1,Crucifer,2.28,Ilaesudil92,Less Than 25,,,,,,,,,,,,,,,,,,,,,,,Seudaillorap38,1,3.82,3.82,,,,,,,,,,
15,Male,149,"Tranquility, Razor of Black Magic",2.47,Meosridil82,Less Than 20,,,,,,,,,,,,,,,,,,,,,,,Heunadil74,1,3.82,3.82,,,,,,,,,,
21,Male,1,Crucifer,2.28,Undirrasta89,Less Than 25,,,,,,,,,,,,,,,,,,,,,,,Raesurdil91,1,3.81,3.81,,,,,,,,,,
27,Male,121,Massacre,3.42,Lirtistanya48,Less Than 30,,,,,,,,,,,,,,,,,,,,,,,Jiskilsa35,1,3.81,3.81,,,,,,,,,,
22,Male,17,"Lazarus, Terror of the Earth",3.47,Iadueria43,Less Than 25,,,,,,,,,,,,,,,,,,,,,,,Iarithdil76,1,3.81,3.81,,,,,,,,,,
24,Male,154,Feral Katana,2.19,Chanirrala39,Less Than 25,,,,,,,,,,,,,,,,,,,,,,,Sondilsa40,2,1.9,3.8,,,,,,,,,,
25,Female,97,"Swan Song, Gouger Of Terror",3.58,Lisjaskan36,Less Than 30,,,,,,,,,,,,,,,,,,,,,,,Chamjasknya65,2,1.9,3.8,,,,,,,,,,
25,Male,13,Serenity,1.49,Saedue76,Less Than 30,,,,,,,,,,,,,,,,,,,,,,,Quanenrian83,1,3.79,3.79,,,,,,,,,,
9,Male,99,"Expiration, Warscythe Of Lost Worlds",4.53,Undjasksya56,Less Than 10,,,,,,,,,,,,,,,,,,,,,,,Phistym51,1,3.79,3.79,,,,,,,,,,
24,Male,46,Hopeless Ebon Dualblade,4.75,Irithrap69,Less Than 25,,,,,,,,,,,,,,,,,,,,,,,Aithelis62,1,3.79,3.79,,,,,,,,,,
21,Male,29,"Chaos, Ender of the End",3.79,Quanenrian83,Less Than 25,,,,,,,,,,,,,,,,,,,,,,,Lirtistasta79,2,1.88,3.76,,,,,,,,,,
18,Male,137,"Aetherius, Boon of the Blessed",4.75,Phenastya51,Less Than 20,,,,,,,,,,,,,,,,,,,,,,,Frichilsasya78,1,3.74,3.74,,,,,,,,,,
45,Male,124,Venom Claymore,2.72,Marassaya49,Less Than 50,,,,,,,,,,,,,,,,,,,,,,,Isri59,1,3.74,3.74,,,,,,,,,,
24,Male,8,"Purgatory, Gem of Regret",3.91,Saellyra72,Less Than 25,,,,,,,,,,,,,,,,,,,,,,,Arithllorin55,1,3.74,3.74,,,,,,,,,,
39,Female,143,Frenzied Scimitar,2.6,Yasrisu92,Less Than 40,,,,,,,,,,,,,,,,,,,,,,,Strithenu87,1,3.73,3.73,,,,,,,,,,
33,Other / Non-Disclosed,65,Conqueror Adamantite Mace,1.96,Frichistasta59,Less Than 35,,,,,,,,,,,,,,,,,,,,,,,Iaralsuir44,1,3.73,3.73,,,,,,,,,,
15,Male,36,Spectral Bone Axe,2.98,Qilanrion65,Less Than 20,,,,,,,,,,,,,,,,,,,,,,,Aisurphos78,1,3.73,3.73,,,,,,,,,,
37,Male,72,Winter's Bite,1.39,Chanassa48,Less Than 40,,,,,,,,,,,,,,,,,,,,,,,Eulaeria40,1,3.73,3.73,,,,,,,,,,
29,Male,114,Yearning Mageblade,1.79,Iskassa50,Less Than 30,,,,,,,,,,,,,,,,,,,,,,,Yaliru88,1,3.71,3.71,,,,,,,,,,
7,Male,77,"Piety, Guardian of Riddles",3.68,Frichjaskan98,Less Than 10,,,,,,,,,,,,,,,,,,,,,,,Ririp86,1,3.71,3.71,,,,,,,,,,
25,Male,117,"Heartstriker, Legacy of the Light",4.15,Sirira97,Less Than 30,,,,,,,,,,,,,,,,,,,,,,,Zontibe81,1,3.71,3.71,,,,,,,,,,
25,Male,13,Serenity,1.49,Eoduenurin62,Less Than 30,,,,,,,,,,,,,,,,,,,,,,,Iskjaskst81,1,3.71,3.71,,,,,,,,,,
20,Male,79,"Alpha, Oath of Zeal",2.88,Yarirarn35,Less Than 25,,,,,,,,,,,,,,,,,,,,,,,Iliel92,1,3.7,3.7,,,,,,,,,,
25,Male,107,"Splitter, Foe Of Subtlety",3.61,Yadanun74,Less Than 30,,,,,,,,,,,,,,,,,,,,,,,Chamastya76,1,3.7,3.7,,,,,,,,,,
12,Other / Non-Disclosed,128,"Blazeguard, Reach of Eternity",4,Aillycal84,Less Than 15,,,,,,,,,,,,,,,,,,,,,,,Saelollop56,1,3.68,3.68,,,,,,,,,,
22,Male,128,"Blazeguard, Reach of Eternity",4,Eosur70,Less Than 25,,,,,,,,,,,,,,,,,,,,,,,Sundjask71,1,3.68,3.68,,,,,,,,,,
29,Male,107,"Splitter, Foe Of Subtlety",3.61,Chanadar44,Less Than 30,,,,,,,,,,,,,,,,,,,,,,,Frichjaskan98,1,3.68,3.68,,,,,,,,,,
20,Male,171,Scalpel,3.62,Lisimsda29,Less Than 25,,,,,,,,,,,,,,,,,,,,,,,Sundim98,1,3.66,3.66,,,,,,,,,,
23,Male,85,Malificent Bag,2.17,Tyidue95,Less Than 25,,,,,,,,,,,,,,,,,,,,,,,Jiskosiala43,1,3.66,3.66,,,,,,,,,,
40,Male,47,"Alpha, Reach of Ending Hope",1.55,Yaralnura48,Less Than 45,,,,,,,,,,,,,,,,,,,,,,,Phaestycal84,1,3.62,3.62,,,,,,,,,,
29,Male,48,"Rage, Legacy of the Lone Victor",4.32,Irillo49,Less Than 30,,,,,,,,,,,,,,,,,,,,,,,Sondossa91,1,3.62,3.62,,,,,,,,,,
35,Male,73,Ritual Mace,3.74,Isri59,Less Than 40,,,,,,,,,,,,,,,,,,,,,,,Lisimsda29,1,3.62,3.62,,,,,,,,,,
25,Female,88,"Emberling, Defender of Delusions",4.1,Lisjaskan36,Less Than 30,,,,,,,,,,,,,,,,,,,,,,,Eula35,1,3.62,3.62,,,,,,,,,,
29,Male,78,"Glimmer, Ender of the Moon",2.33,Aiduecal76,Less Than 30,,,,,,,,,,,,,,,,,,,,,,,Frichossast86,1,3.62,3.62,,,,,,,,,,
25,Male,54,Eternal Cleaver,3.14,Frichosiala98,Less Than 30,,,,,,,,,,,,,,,,,,,,,,,Raithe71,1,3.61,3.61,,,,,,,,,,
23,Male,170,Shadowsteel,1.98,Deelilsasya30,Less Than 25,,,,,,,,,,,,,,,,,,,,,,,Aellysup38,1,3.61,3.61,,,,,,,,,,
23,Male,99,"Expiration, Warscythe Of Lost Worlds",4.53,Mindilsa60,Less Than 25,,,,,,,,,,,,,,,,,,,,,,,Alim85,1,3.61,3.61,,,,,,,,,,
8,Male,79,"Alpha, Oath of Zeal",2.88,Iladarla40,Less Than 10,,,,,,,,,,,,,,,,,,,,,,,Ilirrasda54,1,3.61,3.61,,,,,,,,,,
25,Male,104,Gladiator's Glaive,1.36,Chrathybust28,Less Than 30,,,,,,,,,,,,,,,,,,,,,,,Frichossast75,1,3.61,3.61,,,,,,,,,,
7,Male,53,Vengeance Cleaver,3.7,Yarithsurgue62,Less Than 10,,,,,,,,,,,,,,,,,,,,,,,Assithasta65,1,3.61,3.61,,,,,,,,,,
7,Male,121,Massacre,3.42,Lisistaya47,Less Than 10,,,,,,,,,,,,,,,,,,,,,,,Idai61,2,1.8,3.6,,,,,,,,,,
21,Male,95,Singed Onyx Warscythe,1.03,Mindossa76,Less Than 25,,,,,,,,,,,,,,,,,,,,,,,Airidil41,1,3.59,3.59,,,,,,,,,,
20,Male,64,Fusion Pummel,3.58,Assilsan72,Less Than 25,,,,,,,,,,,,,,,,,,,,,,,Lirtossa78,2,1.79,3.58,,,,,,,,,,
25,Male,135,Warped Diamond Crusader,4.66,Frichosiala98,Less Than 30,,,,,,,,,,,,,,,,,,,,,,,Sondilsa35,1,3.58,3.58,,,,,,,,,,
22,Male,70,Hope's End,3.89,Assassa43,Less Than 25,,,,,,,,,,,,,,,,,,,,,,,Iral74,1,3.58,3.58,,,,,,,,,,
24,Male,84,Arcane Gem,2.23,Yarolwen77,Less Than 25,,,,,,,,,,,,,,,,,,,,,,,Assilsan72,1,3.58,3.58,,,,,,,,,,
26,Other / Non-Disclosed,141,Persuasion,3.27,Faralcil63,Less Than 30,,,,,,,,,,,,,,,,,,,,,,,Qaronon57,1,3.57,3.57,,,,,,,,,,
18,Male,119,"Stormbringer, Dark Blade of Ending Misery",2.32,Sondilsa40,Less Than 20,,,,,,,,,,,,,,,,,,,,,,,Sondim73,1,3.57,3.57,,,,,,,,,,
15,Male,99,"Expiration, Warscythe Of Lost Worlds",4.53,Lisossan98,Less Than 20,,,,,,,,,,,,,,,,,,,,,,,Syadaillo88,1,3.57,3.57,,,,,,,,,,
22,Male,44,Bonecarvin Battle Axe,2.46,Chadossa89,Less Than 25,,,,,,,,,,,,,,,,,,,,,,,Airithrin43,1,3.57,3.57,,,,,,,,,,
34,Male,183,Dragon's Greatsword,2.36,Eosrirgue62,Less Than 35,,,,,,,,,,,,,,,,,,,,,,,Tyida79,1,3.56,3.56,,,,,,,,,,
27,Female,31,Trickster,2.07,Lassilsa41,Less Than 30,,,,,,,,,,,,,,,,,,,,,,,Frichistast39,1,3.56,3.56,,,,,,,,,,
31,Male,173,Stormfury Longsword,4.83,Sondastan54,Less Than 35,,,,,,,,,,,,,,,,,,,,,,,Chamucosda93,1,3.56,3.56,,,,,,,,,,
22,Male,98,"Deadline, Voice Of Subtlety",3.62,Filrion44,Less Than 25,,,,,,,,,,,,,,,,,,,,,,,Lirtast83,1,3.55,3.55,,,,,,,,,,
15,Male,102,Avenger,4.16,Lassassasda30,Less Than 20,,,,,,,,,,,,,,,,,,,,,,,Umuard36,1,3.55,3.55,,,,,,,,,,
26,Male,180,Stormcaller,2.78,Aidain51,Less Than 30,,,,,,,,,,,,,,,,,,,,,,,Assistast50,1,3.55,3.55,,,,,,,,,,
37,Male,79,"Alpha, Oath of Zeal",2.88,Aduephos78,Less Than 40,,,,,,,,,,,,,,,,,,,,,,,Eodailis27,1,3.55,3.55,,,,,,,,,,
21,Male,108,"Extraction, Quickblade Of Trembling Hands",3.39,Hainaria90,Less Than 25,,,,,,,,,,,,,,,,,,,,,,,Rithe77,2,1.755,3.51,,,,,,,,,,
30,Male,131,Fury,4.82,Eusri70,Less Than 35,,,,,,,,,,,,,,,,,,,,,,,Lirtossan50,1,3.51,3.51,,,,,,,,,,
18,Male,115,Spectral Diamond Doomblade,4.25,Raerithsti62,Less Than 20,,,,,,,,,,,,,,,,,,,,,,,Lisiriya82,1,3.51,3.51,,,,,,,,,,
29,Male,68,"Storm-Weaver, Slayer of Inception",2.49,Aerithllora36,Less Than 30,,,,,,,,,,,,,,,,,,,,,,,Tyaeristi78,2,1.755,3.51,,,,,,,,,,
20,Female,33,Curved Axe,1.35,Reuthelis39,Less Than 25,,,,,,,,,,,,,,,,,,,,,,,Eudasu82,1,3.51,3.51,,,,,,,,,,
22,Female,145,Fiery Glass Crusader,4.45,Sundaststa26,Less Than 25,,,,,,,,,,,,,,,,,,,,,,,Heuli25,1,3.48,3.48,,,,,,,,,,
24,Male,54,Eternal Cleaver,3.14,Aelin32,Less Than 25,,,,,,,,,,,,,,,,,,,,,,,Ilimya66,1,3.48,3.48,,,,,,,,,,
20,Male,12,Dawne,4.3,Sundadarla27,Less Than 25,,,,,,,,,,,,,,,,,,,,,,,Palatyon26,1,3.47,3.47,,,,,,,,,,
22,Male,173,Stormfury Longsword,4.83,Aeliru63,Less Than 25,,,,,,,,,,,,,,,,,,,,,,,Lisossa25,2,1.72,3.44,,,,,,,,,,
23,Male,60,Wolf,1.84,Mindilsa60,Less Than 25,,,,,,,,,,,,,,,,,,,,,,,Lirtistanya48,1,3.42,3.42,,,,,,,,,,
42,Male,110,Suspension,2.11,Lisista27,Less Than 45,,,,,,,,,,,,,,,,,,,,,,,Leulaesti78,1,3.42,3.42,,,,,,,,,,
23,Female,76,Haunted Bronzed Bludgeon,4.12,Narirra38,Less Than 25,,,,,,,,,,,,,,,,,,,,,,,Sundossast30,1,3.39,3.39,,,,,,,,,,
18,Male,137,"Aetherius, Boon of the Blessed",4.75,Eustyria89,Less Than 20,,,,,,,,,,,,,,,,,,,,,,,Sundosiasta28,1,3.39,3.39,,,,,,,,,,
22,Male,29,"Chaos, Ender of the End",3.79,Phistym51,Less Than 25,,,,,,,,,,,,,,,,,,,,,,,Saena74,1,3.39,3.39,,,,,,,,,,
23,Female,130,Alpha,1.56,Salilis27,Less Than 25,,,,,,,,,,,,,,,,,,,,,,,Saisrilis27,1,3.39,3.39,,,,,,,,,,
27,Male,102,Avenger,4.16,Layjask75,Less Than 30,,,,,,,,,,,,,,,,,,,,,,,Hainaria90,1,3.39,3.39,,,,,,,,,,
24,Female,47,"Alpha, Reach of Ending Hope",1.55,Tyaeristi78,Less Than 25,,,,,,,,,,,,,,,,,,,,,,,Iskosian40,1,3.39,3.39,,,,,,,,,,
19,Male,60,Wolf,1.84,Lirtyrdesta65,Less Than 20,,,,,,,,,,,,,,,,,,,,,,,Chanjask65,2,1.695,3.39,,,,,,,,,,
20,Male,7,"Thorn, Satchel of Dark Souls",4.51,Syalollorap93,Less Than 25,,,,,,,,,,,,,,,,,,,,,,,Raelly43,1,3.37,3.37,,,,,,,,,,
22,Male,125,Whistling Mithril Warblade,4.32,Assylla81,Less Than 25,,,,,,,,,,,,,,,,,,,,,,,Chanirrasta87,2,1.68,3.36,,,,,,,,,,
27,Other / Non-Disclosed,61,Ragnarok,3.97,Eurisuru25,Less Than 30,,,,,,,,,,,,,,,,,,,,,,,Eulidru49,2,1.665,3.33,,,,,,,,,,
23,Female,12,Dawne,4.3,Narirra38,Less Than 25,,,,,,,,,,,,,,,,,,,,,,,Iduedru67,1,3.32,3.32,,,,,,,,,,
20,Male,70,Hope's End,3.89,Mindjasksya61,Less Than 25,,,,,,,,,,,,,,,,,,,,,,,Crausirra42,1,3.29,3.29,,,,,,,,,,
21,Male,50,Dawn,2.55,Eusri44,Less Than 25,,,,,,,,,,,,,,,,,,,,,,,Liawista80,1,3.27,3.27,,,,,,,,,,
22,Male,30,Stormcaller,4.15,Aeliru63,Less Than 25,,,,,,,,,,,,,,,,,,,,,,,Chamimla73,1,3.27,3.27,,,,,,,,,,
20,Male,15,Soul Infused Crystal,1.03,Rarith48,Less Than 25,,,,,,,,,,,,,,,,,,,,,,,Aenasu69,1,3.27,3.27,,,,,,,,,,
16,Male,179,"Wolf, Promise of the Moonwalker",1.88,Yalaeria91,Less Than 20,,,,,,,,,,,,,,,,,,,,,,,Faralcil63,1,3.27,3.27,,,,,,,,,,
15,Male,173,Stormfury Longsword,4.83,Iskadarya95,Less Than 20,,,,,,,,,,,,,,,,,,,,,,,Eurinu48,1,3.25,3.25,,,,,,,,,,
25,Male,140,Striker,3.82,Saedue76,Less Than 30,,,,,,,,,,,,,,,,,,,,,,,Lassilsala30,1,3.21,3.21,,,,,,,,,,
17,Male,84,Arcane Gem,2.23,Lisossanya98,Less Than 20,,,,,,,,,,,,,,,,,,,,,,,Astydil38,1,3.21,3.21,,,,,,,,,,
20,Male,57,"Despair, Favor of Due Diligence",3.81,Iarithdil76,Less Than 25,,,,,,,,,,,,,,,,,,,,,,,Haerithp41,1,3.2,3.2,,,,,,,,,,
16,Male,169,"Interrogator, Blood Blade of the Queen",3.32,Chanosia60,Less Than 20,,,,,,,,,,,,,,,,,,,,,,,Aerithnucal56,2,1.59,3.18,,,,,,,,,,
20,Male,9,"Thorn, Conqueror of the Corrupted",2.04,Aeliriarin93,Less Than 25,,,,,,,,,,,,,,,,,,,,,,,Phadue96,1,3.15,3.15,,,,,,,,,,
15,Female,50,Dawn,2.55,Raedalis34,Less Than 20,,,,,,,,,,,,,,,,,,,,,,,Tyeuduephos81,1,3.15,3.15,,,,,,,,,,
15,Male,33,Curved Axe,1.35,Meosridil82,Less Than 20,,,,,,,,,,,,,,,,,,,,,,,Aellyrialis39,1,3.15,3.15,,,,,,,,,,
12,Male,66,Victor Iron Spikes,3.55,Sondossa55,Less Than 15,,,,,,,,,,,,,,,,,,,,,,,Jeyciman68,1,3.15,3.15,,,,,,,,,,
22,Male,15,Soul Infused Crystal,1.03,Iadueria43,Less Than 25,,,,,,,,,,,,,,,,,,,,,,,Ialallo29,1,3.15,3.15,,,,,,,,,,
17,Male,14,Possessed Core,1.59,Lisico81,Less Than 20,,,,,,,,,,,,,,,,,,,,,,,Yasurra52,1,3.14,3.14,,,,,,,,,,
24,Male,146,Warped Iron Scimitar,4.08,Ialo60,Less Than 25,,,,,,,,,,,,,,,,,,,,,,,Aelin32,1,3.14,3.14,,,,,,,,,,
22,Male,177,"Winterthorn, Defender of Shifting Worlds",4.89,Syathe73,Less Than 25,,,,,,,,,,,,,,,,,,,,,,,Chanjaskan37,1,3.14,3.14,,,,,,,,,,
33,Male,166,Thirsty Iron Reaver,4.25,Lisassa26,Less Than 35,,,,,,,,,,,,,,,,,,,,,,,Iskossaya95,2,1.565,3.13,,,,,,,,,,
21,Male,93,Apocalyptic Battlescythe,3.91,Rasrirgue43,Less Than 25,,,,,,,,,,,,,,,,,,,,,,,Silinu63,1,3.11,3.11,,,,,,,,,,
25,Male,179,"Wolf, Promise of the Moonwalker",1.88,Aerillorin70,Less Than 30,,,,,,,,,,,,,,,,,,,,,,,Lisjaskya84,1,3.11,3.11,,,,,,,,,,
22,Male,56,Foul Titanium Battle Axe,4.33,Quelatarn54,Less Than 25,,,,,,,,,,,,,,,,,,,,,,,Undistasta86,1,3.02,3.02,,,,,,,,,,
31,Female,22,Amnesia,3.57,Airithrin43,Less Than 35,,,,,,,,,,,,,,,,,,,,,,,Malista67,1,3.01,3.01,,,,,,,,,,
20,Male,84,Arcane Gem,2.23,Mindirra92,Less Than 25,,,,,,,,,,,,,,,,,,,,,,,Sundast87,1,3.01,3.01,,,,,,,,,,
26,Female,85,Malificent Bag,2.17,Lisjasksda68,Less Than 30,,,,,,,,,,,,,,,,,,,,,,,Aina42,1,3.01,3.01,,,,,,,,,,
25,Male,172,Blade of the Grave,1.69,Aerithnuphos61,Less Than 30,,,,,,,,,,,,,,,,,,,,,,,Rathellorin54,2,1.495,2.99,,,,,,,,,,
40,Male,65,Conqueror Adamantite Mace,1.96,Sundast29,Less Than 45,,,,,,,,,,,,,,,,,,,,,,,Qilanrion65,1,2.98,2.98,,,,,,,,,,
14,Male,87,"Deluge, Edge of the West",2.2,Lirtosia72,Less Than 15,,,,,,,,,,,,,,,,,,,,,,,Siathecal92,1,2.98,2.98,,,,,,,,,,
20,Male,32,Orenmir,4.95,Aeliriam77,Less Than 25,,,,,,,,,,,,,,,,,,,,,,,Siarithria38,1,2.97,2.97,,,,,,,,,,
7,Female,21,Souleater,3.27,Lisirra55,Less Than 10,,,,,,,,,,,,,,,,,,,,,,,Aethedru70,1,2.97,2.97,,,,,,,,,,
14,Male,39,"Betrayal, Whisper of Grieving Widows",2.35,Aeral97,Less Than 15,,,,,,,,,,,,,,,,,,,,,,,Chanirra79,1,2.97,2.97,,,,,,,,,,
36,Male,39,"Betrayal, Whisper of Grieving Widows",2.35,Lisosiast26,Less Than 40,,,,,,,,,,,,,,,,,,,,,,,Yarmol79,1,2.91,2.91,,,,,,,,,,
32,Male,16,Restored Bauble,3.11,Yathecal72,Less Than 35,,,,,,,,,,,,,,,,,,,,,,,Phainasu47,1,2.91,2.91,,,,,,,,,,
23,Male,31,Trickster,2.07,Lirtistasta79,Less Than 25,,,,,,,,,,,,,,,,,,,,,,,Eusri26,1,2.91,2.91,,,,,,,,,,
31,Male,67,"Celeste, Incarnation of the Corrupted",2.31,Lisadar44,Less Than 35,,,,,,,,,,,,,,,,,,,,,,,Chanjaskan89,2,1.455,2.91,,,,,,,,,,
23,Male,133,Faith's Scimitar,3.82,Jiskossa51,Less Than 25,,,,,,,,,,,,,,,,,,,,,,,Jiskjask80,1,2.91,2.91,,,,,,,,,,
20,Male,100,Blindscythe,3.66,Qilatie51,Less Than 25,,,,,,,,,,,,,,,,,,,,,,,Yarirarn35,1,2.88,2.88,,,,,,,,,,
30,Male,153,Mercenary Sabre,4.57,Eusri70,Less Than 35,,,,,,,,,,,,,,,,,,,,,,,Seuthelis34,1,2.88,2.88,,,,,,,,,,
18,Female,118,"Ghost Reaver, Longsword of Magic",2.77,Isurria36,Less Than 20,,,,,,,,,,,,,,,,,,,,,,,Phially37,1,2.88,2.88,,,,,,,,,,
7,Male,151,Severance,1.85,Sundastnya66,Less Than 10,,,,,,,,,,,,,,,,,,,,,,,Ingonon91,1,2.88,2.88,,,,,,,,,,
20,Male,81,Dreamkiss,4.06,Raesursurap33,Less Than 25,,,,,,,,,,,,,,,,,,,,,,,Tyidainu31,1,2.86,2.86,,,,,,,,,,
23,Male,94,Mourning Blade,1.82,Sondassasya91,Less Than 25,,,,,,,,,,,,,,,,,,,,,,,Billysu76,1,2.86,2.86,,,,,,,,,,
23,Male,114,Yearning Mageblade,1.79,Ermol76,Less Than 25,,,,,,,,,,,,,,,,,,,,,,,Frichassala85,2,1.425,2.85,,,,,,,,,,
7,Female,77,"Piety, Guardian of Riddles",3.68,Eosurdru76,Less Than 10,,,,,,,,,,,,,,,,,,,,,,,Quarusrion32,2,1.415,2.83,,,,,,,,,,
22,Male,42,The Decapitator,4.82,Yadaisuir65,Less Than 25,,,,,,,,,,,,,,,,,,,,,,,Assosiasta83,1,2.82,2.82,,,,,,,,,,
17,Male,33,Curved Axe,1.35,Zhisrisu83,Less Than 20,,,,,,,,,,,,,,,,,,,,,,,Ilosu82,1,2.82,2.82,,,,,,,,,,
37,Male,174,Primitive Blade,2.46,Aduephos78,Less Than 40,,,,,,,,,,,,,,,,,,,,,,,Yasur35,1,2.78,2.78,,,,,,,,,,
30,Male,69,"Frenzy, Defender of the Harvest",1.06,Sondassa68,Less Than 35,,,,,,,,,,,,,,,,,,,,,,,Tyalaesu89,1,2.78,2.78,,,,,,,,,,
20,Male,141,Persuasion,3.27,Chamirraya83,Less Than 25,,,,,,,,,,,,,,,,,,,,,,,Phadai31,1,2.78,2.78,,,,,,,,,,
22,Male,34,Retribution Axe,4.14,Alaephos75,Less Than 25,,,,,,,,,,,,,,,,,,,,,,,Ithesuphos68,1,2.78,2.78,,,,,,,,,,
21,Male,166,Thirsty Iron Reaver,4.25,Haellysu29,Less Than 25,,,,,,,,,,,,,,,,,,,,,,,Sondenasta63,1,2.77,2.77,,,,,,,,,,
25,Male,39,"Betrayal, Whisper of Grieving Widows",2.35,Yarithphos28,Less Than 30,,,,,,,,,,,,,,,,,,,,,,,Undiwinya88,1,2.77,2.77,,,,,,,,,,
7,Male,66,Victor Iron Spikes,3.55,Ingatcil75,Less Than 10,,,,,,,,,,,,,,,,,,,,,,,Baelollodeu94,1,2.77,2.77,,,,,,,,,,
30,Male,143,Frenzied Scimitar,2.6,Eothe56,Less Than 35,,,,,,,,,,,,,,,,,,,,,,,Mindadaran26,1,2.72,2.72,,,,,,,,,,
25,Male,158,"Darkheart, Butcher of the Champion",3.56,Haerith37,Less Than 30,,,,,,,,,,,,,,,,,,,,,,,Marassaya49,1,2.72,2.72,,,,,,,,,,
23,Male,107,"Splitter, Foe Of Subtlety",3.61,Assithasta65,Less Than 25,,,,,,,,,,,,,,,,,,,,,,,Aeral43,1,2.72,2.72,,,,,,,,,,
24,Female,51,Endbringer,2.67,Ethruard50,Less Than 25,,,,,,,,,,,,,,,,,,,,,,,Alarap40,1,2.72,2.72,,,,,,,,,,
15,Male,32,Orenmir,4.95,Palurrian69,Less Than 20,,,,,,,,,,,,,,,,,,,,,,,Sondassa48,1,2.67,2.67,,,,,,,,,,
37,Male,34,Retribution Axe,4.14,Iskistasda86,Less Than 40,,,,,,,,,,,,,,,,,,,,,,,Seudanu38,1,2.67,2.67,,,,,,,,,,
17,Female,86,Stormfury Lantern,1.28,Tyaili86,Less Than 20,,,,,,,,,,,,,,,,,,,,,,,Airal46,1,2.67,2.67,,,,,,,,,,
32,Male,141,Persuasion,3.27,Liawista80,Less Than 35,,,,,,,,,,,,,,,,,,,,,,,Erudrion71,2,1.33,2.66,,,,,,,,,,
35,Male,159,"Oathbreaker, Spellblade of Trials",3.01,Seosri62,Less Than 40,,,,,,,,,,,,,,,,,,,,,,,Aiduesu83,1,2.63,2.63,,,,,,,,,,
9,Male,16,Restored Bauble,3.11,Silinu63,Less Than 10,,,,,,,,,,,,,,,,,,,,,,,Yasrisu92,1,2.6,2.6,,,,,,,,,,
25,Male,44,Bonecarvin Battle Axe,2.46,Aela49,Less Than 30,,,,,,,,,,,,,,,,,,,,,,,Tyithesura58,1,2.6,2.6,,,,,,,,,,
20,Male,38,"The Void, Vengeance of Dark Magic",2.82,Assosiasta83,Less Than 25,,,,,,,,,,,,,,,,,,,,,,,Eothe56,1,2.6,2.6,,,,,,,,,,
40,Female,77,"Piety, Guardian of Riddles",3.68,Saelollop56,Less Than 45,,,,,,,,,,,,,,,,,,,,,,,Raedalis34,1,2.55,2.55,,,,,,,,,,
35,Female,108,"Extraction, Quickblade Of Trembling Hands",3.39,Saena74,Less Than 40,,,,,,,,,,,,,,,,,,,,,,,Saedaiphos46,1,2.55,2.55,,,,,,,,,,
25,Female,96,Blood-Forged Skeletal Spine,4.77,Tyaelistidru84,Less Than 30,,,,,,,,,,,,,,,,,,,,,,,Eusri44,1,2.55,2.55,,,,,,,,,,
20,Male,82,Nirvana,1.11,Chamirrasya33,Less Than 25,,,,,,,,,,,,,,,,,,,,,,,Quinarap53,1,2.46,2.46,,,,,,,,,,
15,Male,27,"Riddle, Tribute of Ended Dreams",3.96,Smecherdi88,Less Than 20,,,,,,,,,,,,,,,,,,,,,,,Undare39,1,2.46,2.46,,,,,,,,,,
17,Male,121,Massacre,3.42,Leulaesti78,Less Than 20,,,,,,,,,,,,,,,,,,,,,,,Phaedai25,1,2.46,2.46,,,,,,,,,,
8,Male,65,Conqueror Adamantite Mace,1.96,Tyaenasti87,Less Than 10,,,,,,,,,,,,,,,,,,,,,,,Zhisrisu83,2,1.23,2.46,,,,,,,,,,
22,Male,113,Solitude's Reaver,2.67,Sondassa48,Less Than 25,,,,,,,,,,,,,,,,,,,,,,,Aina43,1,2.46,2.46,,,,,,,,,,
11,Female,46,Hopeless Ebon Dualblade,4.75,Deural48,Less Than 15,,,,,,,,,,,,,,,,,,,,,,,Adairialis76,1,2.46,2.46,,,,,,,,,,
22,Male,76,Haunted Bronzed Bludgeon,4.12,Saistydru69,Less Than 25,,,,,,,,,,,,,,,,,,,,,,,Aela49,1,2.46,2.46,,,,,,,,,,
24,Male,39,"Betrayal, Whisper of Grieving Widows",2.35,Chamosia29,Less Than 25,,,,,,,,,,,,,,,,,,,,,,,Chamadarsda63,1,2.46,2.46,,,,,,,,,,
21,Male,108,"Extraction, Quickblade Of Trembling Hands",3.39,Saisrilis27,Less Than 25,,,,,,,,,,,,,,,,,,,,,,,Chadossa89,1,2.46,2.46,,,,,,,,,,
15,Male,106,Crying Steel Sickle,2.29,Indonmol95,Less Than 20,,,,,,,,,,,,,,,,,,,,,,,Fironon91,1,2.46,2.46,,,,,,,,,,
20,Female,45,Glinting Glass Edge,2.46,Fironon91,Less Than 25,,,,,,,,,,,,,,,,,,,,,,,Indirrian56,1,2.46,2.46,,,,,,,,,,
23,Male,27,"Riddle, Tribute of Ended Dreams",3.96,Ryanara76,Less Than 25,,,,,,,,,,,,,,,,,,,,,,,Yathecal82,1,2.41,2.41,,,,,,,,,,
25,Male,7,"Thorn, Satchel of Dark Souls",4.51,Saedue76,Less Than 30,,,,,,,,,,,,,,,,,,,,,,,Yalo71,1,2.41,2.41,,,,,,,,,,
24,Female,114,Yearning Mageblade,1.79,Lirtossanya27,Less Than 25,,,,,,,,,,,,,,,,,,,,,,,Iskossasda43,1,2.41,2.41,,,,,,,,,,
24,Male,34,Retribution Axe,4.14,Sondadar26,Less Than 25,,,,,,,,,,,,,,,,,,,,,,,Siarinum43,1,2.38,2.38,,,,,,,,,,
15,Male,10,Sleepwalker,1.73,Phalinun47,Less Than 20,,,,,,,,,,,,,,,,,,,,,,,Iskjaskan81,1,2.38,2.38,,,,,,,,,,
25,Female,92,Final Critic,1.36,Chamistast30,Less Than 30,,,,,,,,,,,,,,,,,,,,,,,Aerithriaphos45,1,2.38,2.38,,,,,,,,,,
25,Male,84,Arcane Gem,2.23,Hiarideu73,Less Than 30,,,,,,,,,,,,,,,,,,,,,,,Yalostiphos68,1,2.37,2.37,,,,,,,,,,
16,Male,119,"Stormbringer, Dark Blade of Ending Misery",2.32,Qilunan34,Less Than 20,,,,,,,,,,,,,,,,,,,,,,,Saerallora71,1,2.36,2.36,,,,,,,,,,
21,Male,66,Victor Iron Spikes,3.55,Pharithdil38,Less Than 25,,,,,,,,,,,,,,,,,,,,,,,Tyaerith73,1,2.36,2.36,,,,,,,,,,
25,Female,42,The Decapitator,4.82,Tyeuladeu30,Less Than 30,,,,,,,,,,,,,,,,,,,,,,,Chanosia65,1,2.36,2.36,,,,,,,,,,
31,Male,170,Shadowsteel,1.98,Sondastan54,Less Than 35,,,,,,,,,,,,,,,,,,,,,,,Eosrirgue62,1,2.36,2.36,,,,,,,,,,
22,Male,150,Deathraze,4.54,Ina92,Less Than 25,,,,,,,,,,,,,,,,,,,,,,,Undadarla37,1,2.35,2.35,,,,,,,,,,
24,Male,164,Exiled Doomblade,1.92,Saida58,Less Than 25,,,,,,,,,,,,,,,,,,,,,,,Yarithphos28,1,2.35,2.35,,,,,,,,,,
32,Other / Non-Disclosed,29,"Chaos, Ender of the End",3.79,Aithelis62,Less Than 35,,,,,,,,,,,,,,,,,,,,,,,Aeral97,1,2.35,2.35,,,,,,,,,,
40,Male,139,"Mercy, Katana of Dismay",4.37,Indcil77,Less Than 45,,,,,,,,,,,,,,,,,,,,,,,Eullydru35,1,2.35,2.35,,,,,,,,,,
20,Male,14,Possessed Core,1.59,Hallysucal81,Less Than 25,,,,,,,,,,,,,,,,,,,,,,,Iallyphos37,1,2.34,2.34,,,,,,,,,,
15,Male,152,Darkheart,3.15,Tyeuduephos81,Less Than 20,,,,,,,,,,,,,,,,,,,,,,,Lamil79,1,2.34,2.34,,,,,,,,,,
19,Male,131,Fury,4.82,Heosrisuir72,Less Than 20,,,,,,,,,,,,,,,,,,,,,,,Filon68,1,2.34,2.34,,,,,,,,,,
37,Female,175,Woeful Adamantite Claymore,1.24,Chadossa56,Less Than 40,,,,,,,,,,,,,,,,,,,,,,,Aiduecal76,1,2.33,2.33,,,,,,,,,,
20,Male,82,Nirvana,1.11,Hailaphos89,Less Than 25,,,,,,,,,,,,,,,,,,,,,,,Alaesu77,1,2.33,2.33,,,,,,,,,,
27,Male,74,Yearning Crusher,1.06,Lirtassa47,Less Than 30,,,,,,,,,,,,,,,,,,,,,,,Hirirap39,1,2.33,2.33,,,,,,,,,,
37,Male,92,Final Critic,1.36,Aduephos78,Less Than 40,,,,,,,,,,,,,,,,,,,,,,,Irith83,1,2.33,2.33,,,,,,,,,,
18,Male,20,Netherbane,1.48,Sondilsa40,Less Than 20,,,,,,,,,,,,,,,,,,,,,,,Qilunan34,1,2.32,2.32,,,,,,,,,,
23,Male,180,Stormcaller,2.78,Ithesuphos68,Less Than 25,,,,,,,,,,,,,,,,,,,,,,,Aethe80,1,2.32,2.32,,,,,,,,,,
25,Male,98,"Deadline, Voice Of Subtlety",3.62,Eula35,Less Than 30,,,,,,,,,,,,,,,,,,,,,,,Eolo46,1,2.32,2.32,,,,,,,,,,
27,Female,159,"Oathbreaker, Spellblade of Trials",3.01,Aina42,Less Than 30,,,,,,,,,,,,,,,,,,,,,,,Lisadar44,1,2.31,2.31,,,,,,,,,,
10,Male,131,Fury,4.82,Ethrusuard41,Less Than 15,,,,,,,,,,,,,,,,,,,,,,,Tyaelorgue39,1,2.31,2.31,,,,,,,,,,
17,Male,82,Nirvana,1.11,Zhisrisu83,Less Than 20,,,,,,,,,,,,,,,,,,,,,,,Mindetosya30,1,2.31,2.31,,,,,,,,,,
24,Male,111,Misery's End,2.91,Isursti83,Less Than 25,,,,,,,,,,,,,,,,,,,,,,,Phyali88,1,2.29,2.29,,,,,,,,,,
19,Male,41,Orbit,1.16,Chanirrasta87,Less Than 20,,,,,,,,,,,,,,,,,,,,,,,Tyaelly53,1,2.29,2.29,,,,,,,,,,
21,Male,84,Arcane Gem,2.23,Stryanastip77,Less Than 25,,,,,,,,,,,,,,,,,,,,,,,Eratiel90,1,2.29,2.29,,,,,,,,,,
22,Male,107,"Splitter, Foe Of Subtlety",3.61,Ilirrasda54,Less Than 25,,,,,,,,,,,,,,,,,,,,,,,Indonmol95,1,2.29,2.29,,,,,,,,,,
7,Male,34,Retribution Axe,4.14,Liri91,Less Than 10,,,,,,,,,,,,,,,,,,,,,,,Iskirra45,1,2.29,2.29,,,,,,,,,,
25,Male,8,"Purgatory, Gem of Regret",3.91,Undadar97,Less Than 30,,,,,,,,,,,,,,,,,,,,,,,Undirrasta89,1,2.28,2.28,,,,,,,,,,
20,Female,179,"Wolf, Promise of the Moonwalker",1.88,Ithergue48,Less Than 25,,,,,,,,,,,,,,,,,,,,,,,Ilaesudil92,1,2.28,2.28,,,,,,,,,,
32,Female,95,Singed Onyx Warscythe,1.03,Saistyphos30,Less Than 35,,,,,,,,,,,,,,,,,,,,,,,Hiasri33,1,2.28,2.28,,,,,,,,,,
22,Male,47,"Alpha, Reach of Ending Hope",1.55,Lisosianya62,Less Than 25,,,,,,,,,,,,,,,,,,,,,,,Lisossanya98,1,2.23,2.23,,,,,,,,,,
25,Female,6,Rusty Skull,1.2,Tyaelistidru84,Less Than 30,,,,,,,,,,,,,,,,,,,,,,,Nitherian58,1,2.23,2.23,,,,,,,,,,
25,Male,34,Retribution Axe,4.14,Sausosia74,Less Than 30,,,,,,,,,,,,,,,,,,,,,,,Inguron55,1,2.23,2.23,,,,,,,,,,
25,Male,123,Twilight's Carver,1.14,Frichosiala98,Less Than 30,,,,,,,,,,,,,,,,,,,,,,,Koikirra25,1,2.23,2.23,,,,,,,,,,
39,Female,140,Striker,3.82,Mindimnya67,Less Than 40,,,,,,,,,,,,,,,,,,,,,,,Eosursurap97,1,2.23,2.23,,,,,,,,,,
12,Male,163,Thunderfury Scimitar,3.02,Undistasta86,Less Than 15,,,,,,,,,,,,,,,,,,,,,,,Hiarideu73,1,2.23,2.23,,,,,,,,,,
23,Male,172,Blade of the Grave,1.69,Lirtistasta79,Less Than 25,,,,,,,,,,,,,,,,,,,,,,,Syally44,1,2.22,2.22,,,,,,,,,,
18,Female,95,Singed Onyx Warscythe,1.03,Alaesu91,Less Than 20,,,,,,,,,,,,,,,,,,,,,,,Strairisti57,1,2.21,2.21,,,,,,,,,,
9,Female,100,Blindscythe,3.66,Jiskosiala43,Less Than 10,,,,,,,,,,,,,,,,,,,,,,,Ilassa51,1,2.21,2.21,,,,,,,,,,
30,Male,137,"Aetherius, Boon of the Blessed",4.75,Heuralsti66,Less Than 35,,,,,,,,,,,,,,,,,,,,,,,Sundassa93,1,2.2,2.2,,,,,,,,,,
23,Female,66,Victor Iron Spikes,3.55,Umuard36,Less Than 25,,,,,,,,,,,,,,,,,,,,,,,Frichast72,1,2.2,2.2,,,,,,,,,,
29,Male,68,"Storm-Weaver, Slayer of Inception",2.49,Asur53,Less Than 30,,,,,,,,,,,,,,,,,,,,,,,Marjasksda39,1,2.19,2.19,,,,,,,,,,
25,Male,92,Final Critic,1.36,Jiskassa76,Less Than 30,,,,,,,,,,,,,,,,,,,,,,,Yarithllodeu72,1,2.19,2.19,,,,,,,,,,
20,Male,124,Venom Claymore,2.72,Thryallym62,Less Than 25,,,,,,,,,,,,,,,,,,,,,,,Mindossasya74,1,2.17,2.17,,,,,,,,,,
25,Male,5,Putrid Fan,1.32,Raesty92,Less Than 30,,,,,,,,,,,,,,,,,,,,,,,Tyidue95,1,2.17,2.17,,,,,,,,,,
21,Male,69,"Frenzy, Defender of the Harvest",1.06,Frichassala85,Less Than 25,,,,,,,,,,,,,,,,,,,,,,,Sondimla25,1,2.17,2.17,,,,,,,,,,
24,Female,90,Betrayer,1.67,Chamilsan75,Less Than 25,,,,,,,,,,,,,,,,,,,,,,,Lassimla92,1,2.17,2.17,,,,,,,,,,
33,Male,38,"The Void, Vengeance of Dark Magic",2.82,Ilosu82,Less Than 35,,,,,,,,,,,,,,,,,,,,,,,Frichjask31,1,2.17,2.17,,,,,,,,,,
39,Female,163,Thunderfury Scimitar,3.02,Mindimnya67,Less Than 40,,,,,,,,,,,,,,,,,,,,,,,Lisista27,1,2.11,2.11,,,,,,,,,,
23,Male,20,Netherbane,1.48,Pheodai94,Less Than 25,,,,,,,,,,,,,,,,,,,,,,,Lisassa49,1,2.11,2.11,,,,,,,,,,
18,Male,11,Brimstone,2.52,Raerithsti62,Less Than 20,,,,,,,,,,,,,,,,,,,,,,,Tauldilsa43,1,2.11,2.11,,,,,,,,,,
22,Male,41,Orbit,1.16,Undirrasta74,Less Than 25,,,,,,,,,,,,,,,,,,,,,,,Alo67,1,2.11,2.11,,,,,,,,,,
25,Female,103,Singed Scalpel,4.87,Hiasur92,Less Than 30,,,,,,,,,,,,,,,,,,,,,,,Eryon48,1,2.11,2.11,,,,,,,,,,
20,Male,19,"Pursuit, Cudgel of Necromancy",3.98,Tillyrin30,Less Than 25,,,,,,,,,,,,,,,,,,,,,,,Lirtassa47,2,1.045,2.09,,,,,,,,,,
24,Male,134,Undead Crusader,4.67,Riralsti91,Less Than 25,,,,,,,,,,,,,,,,,,,,,,,Marilsasya33,1,2.07,2.07,,,,,,,,,,
24,Male,103,Singed Scalpel,4.87,Iasur80,Less Than 25,,,,,,,,,,,,,,,,,,,,,,,Mindassast27,1,2.07,2.07,,,,,,,,,,
15,Female,110,Suspension,2.11,Eryon48,Less Than 20,,,,,,,,,,,,,,,,,,,,,,,Sidap51,1,2.07,2.07,,,,,,,,,,
22,Male,146,Warped Iron Scimitar,4.08,Whaestysu86,Less Than 25,,,,,,,,,,,,,,,,,,,,,,,Filrion59,1,2.07,2.07,,,,,,,,,,
29,Female,35,Heartless Bone Dualblade,2.63,Aiduesu83,Less Than 30,,,,,,,,,,,,,,,,,,,,,,,Wailin72,1,2.04,2.04,,,,,,,,,,
22,Male,105,Hailstorm Shadowsteel Scythe,3.73,Iaralsuir44,Less Than 25,,,,,,,,,,,,,,,,,,,,,,,Yasur85,1,2.04,2.04,,,,,,,,,,
36,Male,31,Trickster,2.07,Chanjask65,Less Than 40,,,,,,,,,,,,,,,,,,,,,,,Undast38,1,2.04,2.04,,,,,,,,,,
25,Male,158,"Darkheart, Butcher of the Champion",3.56,Frichistast39,Less Than 30,,,,,,,,,,,,,,,,,,,,,,,Euliria52,1,2.04,2.04,,,,,,,,,,
40,Male,168,"Sun Strike, Jaws of Twisted Visions",2.64,Yaralnura48,Less Than 45,,,,,,,,,,,,,,,,,,,,,,,Aeliriarin93,1,2.04,2.04,,,,,,,,,,
24,Male,48,"Rage, Legacy of the Lone Victor",4.32,Isursti83,Less Than 25,,,,,,,,,,,,,,,,,,,,,,,Rina82,1,1.98,1.98,,,,,,,,,,
17,Male,128,"Blazeguard, Reach of Eternity",4,Phairinum94,Less Than 20,,,,,,,,,,,,,,,,,,,,,,,Deelilsasya30,1,1.98,1.98,,,,,,,,,,
27,Male,151,Severance,1.85,Ethralan59,Less Than 30,,,,,,,,,,,,,,,,,,,,,,,Tyaenasti87,1,1.96,1.96,,,,,,,,,,
25,Male,165,Bone Crushing Silver Skewer,3.37,Raelly43,Less Than 30,,,,,,,,,,,,,,,,,,,,,,,Shidai42,1,1.93,1.93,,,,,,,,,,
33,Female,22,Amnesia,3.57,Lisassasta50,Less Than 35,,,,,,,,,,,,,,,,,,,,,,,Yadacal26,1,1.93,1.93,,,,,,,,,,
25,Female,104,Gladiator's Glaive,1.36,Chanastnya43,Less Than 30,,,,,,,,,,,,,,,,,,,,,,,Iarilis73,1,1.93,1.93,,,,,,,,,,
23,Male,85,Malificent Bag,2.17,Sondimla25,Less Than 25,,,,,,,,,,,,,,,,,,,,,,,Assosia38,1,1.93,1.93,,,,,,,,,,
24,Male,136,Ghastly Adamantite Protector,3.3,Chamilsala65,Less Than 25,,,,,,,,,,,,,,,,,,,,,,,Ristydru66,1,1.91,1.91,,,,,,,,,,
30,Male,103,Singed Scalpel,4.87,Idaria87,Less Than 35,,,,,,,,,,,,,,,,,,,,,,,Ennoncil86,1,1.91,1.91,,,,,,,,,,
22,Male,76,Haunted Bronzed Bludgeon,4.12,Eoda93,Less Than 25,,,,,,,,,,,,,,,,,,,,,,,Isri49,1,1.91,1.91,,,,,,,,,,
27,Male,21,Souleater,3.27,Chanastst38,Less Than 30,,,,,,,,,,,,,,,,,,,,,,,Saralp86,1,1.88,1.88,,,,,,,,,,
23,Male,40,Second Chance,2.34,Lamil79,Less Than 25,,,,,,,,,,,,,,,,,,,,,,,Yalaeria91,1,1.88,1.88,,,,,,,,,,
7,Male,161,Devine,1.45,Liri91,Less Than 10,,,,,,,,,,,,,,,,,,,,,,,Ailaesuir66,1,1.88,1.88,,,,,,,,,,
17,Male,22,Amnesia,3.57,Qaronon57,Less Than 20,,,,,,,,,,,,,,,,,,,,,,,Aerillorin70,1,1.88,1.88,,,,,,,,,,
36,Male,57,"Despair, Favor of Due Diligence",3.81,Chadjask77,Less Than 40,,,,,,,,,,,,,,,,,,,,,,,Sundastnya66,1,1.85,1.85,,,,,,,,,,
20,Male,52,Hatred,4.39,Ethralista69,Less Than 25,,,,,,,,,,,,,,,,,,,,,,,Ethralan59,1,1.85,1.85,,,,,,,,,,
23,Male,49,"The Oculus, Token of Lost Worlds",4.23,Phaeduesurgue38,Less Than 25,,,,,,,,,,,,,,,,,,,,,,,Phaedan76,1,1.84,1.84,,,,,,,,,,
25,Female,95,Singed Onyx Warscythe,1.03,Rathellorin54,Less Than 30,,,,,,,,,,,,,,,,,,,,,,,Lirtyrdesta65,1,1.84,1.84,,,,,,,,,,
38,Male,40,Second Chance,2.34,Filon68,Less Than 40,,,,,,,,,,,,,,,,,,,,,,,Aillyriadru65,1,1.84,1.84,,,,,,,,,,
24,Male,160,Azurewrath,2.22,Chamilsala65,Less Than 25,,,,,,,,,,,,,,,,,,,,,,,Eoral49,1,1.84,1.84,,,,,,,,,,
22,Male,1,Crucifer,2.28,Assylla81,Less Than 25,,,,,,,,,,,,,,,,,,,,,,,Sondassasya91,1,1.82,1.82,,,,,,,,,,
21,Male,79,"Alpha, Oath of Zeal",2.88,Ingonon91,Less Than 25,,,,,,,,,,,,,,,,,,,,,,,Chadadarya31,1,1.82,1.82,,,,,,,,,,
18,Male,144,Blood Infused Guardian,2.86,Lisovynya38,Less Than 20,,,,,,,,,,,,,,,,,,,,,,,Aesty51,1,1.82,1.82,,,,,,,,,,
25,Male,10,Sleepwalker,1.73,Assesi91,Less Than 30,,,,,,,,,,,,,,,,,,,,,,,Lirtossanya27,1,1.79,1.79,,,,,,,,,,
25,Male,125,Whistling Mithril Warblade,4.32,Aellyria80,Less Than 30,,,,,,,,,,,,,,,,,,,,,,,Ermol76,1,1.79,1.79,,,,,,,,,,
25,Male,176,Relentless Iron Skewer,2.97,Aethedru70,Less Than 30,,,,,,,,,,,,,,,,,,,,,,,Iskassa50,1,1.79,1.79,,,,,,,,,,
8,Male,15,Soul Infused Crystal,1.03,Iladarla40,Less Than 10,,,,,,,,,,,,,,,,,,,,,,,Saidairiaphos61,1,1.77,1.77,,,,,,,,,,
29,Male,180,Stormcaller,2.78,Tyalaesu89,Less Than 30,,,,,,,,,,,,,,,,,,,,,,,Silideu44,1,1.77,1.77,,,,,,,,,,
16,Male,161,Devine,1.45,Erudrion71,Less Than 20,,,,,,,,,,,,,,,,,,,,,,,Phalinun47,1,1.73,1.73,,,,,,,,,,
38,Male,181,Reaper's Toll,4.56,Tyisriphos58,Less Than 40,,,,,,,,,,,,,,,,,,,,,,,Tanimnya91,1,1.73,1.73,,,,,,,,,,
28,Male,92,Final Critic,1.36,Iskista88,Less Than 30,,,,,,,,,,,,,,,,,,,,,,,Aidaira48,1,1.73,1.73,,,,,,,,,,
21,Male,133,Faith's Scimitar,3.82,Seudaillorap38,Less Than 25,,,,,,,,,,,,,,,,,,,,,,,Heosurnuru52,1,1.73,1.73,,,,,,,,,,
12,Male,70,Hope's End,3.89,Sondossa55,Less Than 15,,,,,,,,,,,,,,,,,,,,,,,Assesi91,1,1.73,1.73,,,,,,,,,,
19,Male,108,"Extraction, Quickblade Of Trembling Hands",3.39,Tyirithnu40,Less Than 20,,,,,,,,,,,,,,,,,,,,,,,Quelaton80,1,1.72,1.72,,,,,,,,,,
13,Male,159,"Oathbreaker, Spellblade of Trials",3.01,Malista67,Less Than 15,,,,,,,,,,,,,,,,,,,,,,,Silaera56,1,1.72,1.72,,,,,,,,,,
33,Male,120,Agatha,1.91,Ristydru66,Less Than 35,,,,,,,,,,,,,,,,,,,,,,,Hala31,1,1.72,1.72,,,,,,,,,,
40,Male,11,Brimstone,2.52,Yasriphos60,Less Than 45,,,,,,,,,,,,,,,,,,,,,,,Aidaira26,1,1.72,1.72,,,,,,,,,,
20,Male,111,Misery's End,2.91,Phainasu47,Less Than 25,,,,,,,,,,,,,,,,,,,,,,,Philistirap41,1,1.69,1.69,,,,,,,,,,
22,Male,81,Dreamkiss,4.06,Eural50,Less Than 25,,,,,,,,,,,,,,,,,,,,,,,Tyiaduenuru55,1,1.69,1.69,,,,,,,,,,
22,Male,31,Trickster,2.07,Mindassast27,Less Than 25,,,,,,,,,,,,,,,,,,,,,,,Aerithnuphos61,1,1.69,1.69,,,,,,,,,,
24,Male,62,Piece Maker,4.36,Iskossan49,Less Than 25,,,,,,,,,,,,,,,,,,,,,,,Aenarap34,1,1.65,1.65,,,,,,,,,,
30,Male,145,Fiery Glass Crusader,4.45,Qarrian82,Less Than 35,,,,,,,,,,,,,,,,,,,,,,,Lisirrast82,1,1.59,1.59,,,,,,,,,,
16,Female,170,Shadowsteel,1.98,Eulidru49,Less Than 20,,,,,,,,,,,,,,,,,,,,,,,Lisico81,1,1.59,1.59,,,,,,,,,,
38,Male,148,"Warmonger, Gift of Suffering's End",3.96,Inguard95,Less Than 40,,,,,,,,,,,,,,,,,,,,,,,Hallysucal81,1,1.59,1.59,,,,,,,,,,
20,Male,161,Devine,1.45,Hiral75,Less Than 25,,,,,,,,,,,,,,,,,,,,,,,Lisassa39,1,1.56,1.56,,,,,,,,,,
16,Male,162,Abyssal Shard,2.04,Undast38,Less Than 20,,,,,,,,,,,,,,,,,,,,,,,Salilis27,1,1.56,1.56,,,,,,,,,,
36,Male,182,Toothpick,3.48,Chadjask77,Less Than 40,,,,,,,,,,,,,,,,,,,,,,,Lisosianya62,1,1.55,1.55,,,,,,,,,,
17,Female,143,Frenzied Scimitar,2.6,Marim28,Less Than 20,,,,,,,,,,,,,,,,,,,,,,,Tyeulisu40,1,1.55,1.55,,,,,,,,,,
40,Male,55,Vindictive Glass Edge,4.26,Yasriphos60,Less Than 45,,,,,,,,,,,,,,,,,,,,,,,Sally64,1,1.55,1.55,,,,,,,,,,
21,Male,22,Amnesia,3.57,Ialistidru50,Less Than 25,,,,,,,,,,,,,,,,,,,,,,,Yararmol43,1,1.55,1.55,,,,,,,,,,
38,Male,172,Blade of the Grave,1.69,Aelalis34,Less Than 40,,,,,,,,,,,,,,,,,,,,,,,Aelollo59,1,1.55,1.55,,,,,,,,,,
35,Male,113,Solitude's Reaver,2.67,Airal46,Less Than 40,,,,,,,,,,,,,,,,,,,,,,,Lamyon68,1,1.55,1.55,,,,,,,,,,
14,Male,80,Dreamsong,3.81,Lirtosia72,Less Than 15,,,,,,,,,,,,,,,,,,,,,,,Raeri71,1,1.5,1.5,,,,,,,,,,
17,Female,177,"Winterthorn, Defender of Shifting Worlds",4.89,Assassasta79,Less Than 20,,,,,,,,,,,,,,,,,,,,,,,Chanirra56,1,1.5,1.5,,,,,,,,,,
21,Male,183,Dragon's Greatsword,2.36,Saerallora71,Less Than 25,,,,,,,,,,,,,,,,,,,,,,,Philodil43,1,1.49,1.49,,,,,,,,,,
24,Male,98,"Deadline, Voice Of Subtlety",3.62,Frichossast86,Less Than 25,,,,,,,,,,,,,,,,,,,,,,,Tyeuduen32,1,1.49,1.49,,,,,,,,,,
23,Female,30,Stormcaller,4.15,Undirra73,Less Than 25,,,,,,,,,,,,,,,,,,,,,,,Sialaera37,1,1.49,1.49,,,,,,,,,,
15,Male,145,Fiery Glass Crusader,4.45,Chanastsda67,Less Than 20,,,,,,,,,,,,,,,,,,,,,,,Eoduenurin62,1,1.49,1.49,,,,,,,,,,
29,Male,18,"Torchlight, Bond of Storms",1.77,Undirrala66,Less Than 30,,,,,,,,,,,,,,,,,,,,,,,Aisur51,1,1.49,1.49,,,,,,,,,,
14,Male,183,Dragon's Greatsword,2.36,Lirtosia72,Less Than 15,,,,,,,,,,,,,,,,,,,,,,,Lamil70,1,1.49,1.49,,,,,,,,,,
31,Male,171,Scalpel,3.62,Phaestycal84,Less Than 35,,,,,,,,,,,,,,,,,,,,,,,Pheodai94,1,1.48,1.48,,,,,,,,,,
19,Male,153,Mercenary Sabre,4.57,Malunil62,Less Than 20,,,,,,,,,,,,,,,,,,,,,,,Ilosia37,1,1.48,1.48,,,,,,,,,,
20,Male,84,Arcane Gem,2.23,Eosursurap97,Less Than 25,,,,,,,,,,,,,,,,,,,,,,,Hiral75,1,1.45,1.45,,,,,,,,,,
15,Male,153,Mercenary Sabre,4.57,Iaralrgue74,Less Than 20,,,,,,,,,,,,,,,,,,,,,,,Chanassa48,1,1.39,1.39,,,,,,,,,,
15,Male,8,"Purgatory, Gem of Regret",3.91,Seolollo93,Less Than 20,,,,,,,,,,,,,,,,,,,,,,,Pheusrical25,1,1.36,1.36,,,,,,,,,,
18,Male,15,Soul Infused Crystal,1.03,Ililsan66,Less Than 20,,,,,,,,,,,,,,,,,,,,,,,Rithe53,1,1.36,1.36,,,,,,,,,,
40,Male,171,Scalpel,3.62,Yasriphos60,Less Than 45,,,,,,,,,,,,,,,,,,,,,,,Chanastnya43,1,1.36,1.36,,,,,,,,,,
15,Male,154,Feral Katana,2.19,Iskosia51,Less Than 20,,,,,,,,,,,,,,,,,,,,,,,Chrathybust28,1,1.36,1.36,,,,,,,,,,
18,Female,171,Scalpel,3.62,Isurria36,Less Than 20,,,,,,,,,,,,,,,,,,,,,,,Isketo41,1,1.32,1.32,,,,,,,,,,
29,Male,129,"Fate, Vengeance of Eternal Justice",1.55,Asur53,Less Than 30,,,,,,,,,,,,,,,,,,,,,,,Tyaili86,1,1.28,1.28,,,,,,,,,,
34,Male,135,Warped Diamond Crusader,4.66,Aesur96,Less Than 35,,,,,,,,,,,,,,,,,,,,,,,Chamirra53,1,1.28,1.28,,,,,,,,,,
23,Male,108,"Extraction, Quickblade Of Trembling Hands",3.39,Iskosian40,Less Than 25,,,,,,,,,,,,,,,,,,,,,,,Eollym91,1,1.28,1.28,,,,,,,,,,
20,Male,100,Blindscythe,3.66,Ililsa62,Less Than 25,,,,,,,,,,,,,,,,,,,,,,,Lassilsa63,1,1.27,1.27,,,,,,,,,,
23,Male,60,Wolf,1.84,Aillyriadru65,Less Than 25,,,,,,,,,,,,,,,,,,,,,,,Aela59,1,1.27,1.27,,,,,,,,,,
24,Female,110,Suspension,2.11,Lisassa49,Less Than 25,,,,,,,,,,,,,,,,,,,,,,,Ilaststa70,1,1.27,1.27,,,,,,,,,,
7,Male,39,"Betrayal, Whisper of Grieving Widows",2.35,Lisistaya47,Less Than 10,,,,,,,,,,,,,,,,,,,,,,,Raeduerin33,1,1.24,1.24,,,,,,,,,,
19,Male,175,Woeful Adamantite Claymore,1.24,Ialidru40,Less Than 20,,,,,,,,,,,,,,,,,,,,,,,Mindosiasya28,1,1.24,1.24,,,,,,,,,,
20,Male,35,Heartless Bone Dualblade,2.63,Sondim43,Less Than 25,,,,,,,,,,,,,,,,,,,,,,,Yaristi64,1,1.24,1.24,,,,,,,,,,
24,Male,30,Stormcaller,4.15,Iskimnya76,Less Than 25,,,,,,,,,,,,,,,,,,,,,,,Ialidru40,1,1.24,1.24,,,,,,,,,,
22,Male,119,"Stormbringer, Dark Blade of Ending Misery",2.32,Aethe80,Less Than 25,,,,,,,,,,,,,,,,,,,,,,,Heolo60,1,1.24,1.24,,,,,,,,,,
25,Female,65,Conqueror Adamantite Mace,1.96,Rathellorin54,Less Than 30,,,,,,,,,,,,,,,,,,,,,,,Ilrian97,1,1.24,1.24,,,,,,,,,,
29,Male,64,Fusion Pummel,3.58,Chanadar44,Less Than 30,,,,,,,,,,,,,,,,,,,,,,,Ryastycal90,1,1.21,1.21,,,,,,,,,,
33,Male,83,Lifebender,3.51,Eudasu82,Less Than 35,,,,,,,,,,,,,,,,,,,,,,,Siasri67,1,1.2,1.2,,,,,,,,,,
19,Male,88,"Emberling, Defender of Delusions",4.1,Lisirraya76,Less Than 20,,,,,,,,,,,,,,,,,,,,,,,Ilast79,1,1.2,1.2,,,,,,,,,,
24,Male,26,Unholy Wand,1.88,Lisossa25,Less Than 25,,,,,,,,,,,,,,,,,,,,,,,Undirrasta74,1,1.16,1.16,,,,,,,,,,
20,Male,133,Faith's Scimitar,3.82,Haedasu65,Less Than 25,,,,,,,,,,,,,,,,,,,,,,,Sundista85,1,1.14,1.14,,,,,,,,,,
24,Male,97,"Swan Song, Gouger Of Terror",3.58,Iral74,Less Than 25,,,,,,,,,,,,,,,,,,,,,,,Chamirrasya33,1,1.11,1.11,,,,,,,,,,
20,Male,16,Restored Bauble,3.11,Lisjaskya84,Less Than 25,,,,,,,,,,,,,,,,,,,,,,,Sondassa68,1,1.06,1.06,,,,,,,,,,
20,Male,181,Reaper's Toll,4.56,Saelaephos52,Less Than 25,,,,,,,,,,,,,,,,,,,,,,,Eyircil84,1,1.06,1.06,,,,,,,,,,
22,Male,76,Haunted Bronzed Bludgeon,4.12,Chamim85,Less Than 25,,,,,,,,,,,,,,,,,,,,,,,Tridaira71,1,1.03,1.03,,,,,,,,,,
21,Male,154,Feral Katana,2.19,Chamadar61,Less Than 25,,,,,,,,,,,,,,,,,,,,,,,Rarith48,1,1.03,1.03,,,,,,,,,,
23,Male,142,Righteous Might,4.36,Lirtista72,Less Than 25,,,,,,,,,,,,,,,,,,,,,,,Mindossa76,1,1.03,1.03,,,,,,,,,,
17,Male,113,Solitude's Reaver,2.67,Seudanu38,Less Than 20,,,,,,,,,,,,,,,,,,,,,,,Lassista97,1,1.03,1.03,,,,,,,,,,
24,Male,92,Final Critic,1.36,Lisossa63,Less Than 25,,,,,,,,,,,,,,,,,,,,,,,Lassadarsda57,1,1.03,1.03,,,,,,,,,,
22,Male,36,Spectral Bone Axe,2.98,Siathecal92,Less Than 25,,,,,,,,,,,,,,,,,,,,,,,Alaesu91,1,1.03,1.03,,,,,,,,,,
7,Male,39,"Betrayal, Whisper of Grieving Widows",2.35,Eullydru35,Less Than 10,,,,,,,,,,,,,,,,,,,,,,,Ililsan66,1,1.03,1.03,,,,,,,,,,
25,Female,18,"Torchlight, Bond of Storms",1.77,Chamistast30,Less Than 30,,,,,,,,,,,,,,,,,,,,,,,(blank),,,,,,,,,,,,,
24,Male,142,Righteous Might,4.36,Isrirgue68,Less Than 25,,,,,,,,,,,,,,,,,,,,,,,Grand Total,780,2.931192308,2286.33,,,,,,,,,,
20,Female,172,Blade of the Grave,1.69,Eurallo89,Less Than 25,,,,,,,,,,,,,,,,,,,,,,,,,,,,,,,,,,,,
25,Male,107,"Splitter, Foe Of Subtlety",3.61,Raithe71,Less Than 30,,,,,,,,,,,,,,,,,,,,,,,,,,,,,,,,,,,,
31,Male,151,Severance,1.85,Iskossaya95,Less Than 35,,,,,,,,,,,,,,,,,,,,,,,,,,,,,,,,,,,,
23,Male,178,"Oathbreaker, Last Hope of the Breaking Storm",2.41,Yathecal82,Less Than 25,,,,,,,,,,,,,,,,,,,,,,,,,,,,,,,,,,,,
22,Male,68,"Storm-Weaver, Slayer of Inception",2.49,Filrion44,Less Than 25,,,,,,,,,,,,,,,,,,,,,,,,,,,,,,,,,,,,
9,Male,26,Unholy Wand,1.88,Saralp86,Less Than 10,,,,,,,,,,,,,,,,,,,,,,,,,,,,,,,,,,,,
22,Male,13,Serenity,1.49,Tyeuduen32,Less Than 25,,,,,,,,,,,,,,,,,,,,,,,,,,,,,,,,,,,,
21,Female,174,Primitive Blade,2.46,Aina43,Less Than 25,,,,,,,,,,,,,,,,,,,,,,,,,,,,,,,,,,,,
15,Male,23,Crucifer,2.77,Undiwinya88,Less Than 20,,,,,,,,,,,,,,,,,,,,,,,,,,,,,,,,,,,,
29,Male,75,Brutality Ivory Warmace,1.72,Silaera56,Less Than 30,,,,,,,,,,,,,,,,,,,,,,,,,,,,,,,,,,,,
15,Male,27,"Riddle, Tribute of Ended Dreams",3.96,Iskadarya95,Less Than 20,,,,,,,,,,,,,,,,,,,,,,,,,,,,,,,,,,,,
13,Female,26,Unholy Wand,1.88,Eoralphos86,Less Than 15,,,,,,,,,,,,,,,,,,,,,,,,,,,,,,,,,,,,
27,Male,144,Blood Infused Guardian,2.86,Billysu76,Less Than 30,,,,,,,,,,,,,,,,,,,,,,,,,,,,,,,,,,,,
23,Male,152,Darkheart,3.15,Seorithstilis90,Less Than 25,,,,,,,,,,,,,,,,,,,,,,,,,,,,,,,,,,,,
30,Male,10,Sleepwalker,1.73,Aidaira48,Less Than 35,,,,,,,,,,,,,,,,,,,,,,,,,,,,,,,,,,,,
39,Female,145,Fiery Glass Crusader,4.45,Mindimnya67,Less Than 40,,,,,,,,,,,,,,,,,,,,,,,,,,,,,,,,,,,,
22,Other / Non-Disclosed,115,Spectral Diamond Doomblade,4.25,Euna48,Less Than 25,,,,,,,,,,,,,,,,,,,,,,,,,,,,,,,,,,,,
33,Female,163,Thunderfury Scimitar,3.02,Lisassasta50,Less Than 35,,,,,,,,,,,,,,,,,,,,,,,,,,,,,,,,,,,,
20,Male,30,Stormcaller,4.15,Eusur90,Less Than 25,,,,,,,,,,,,,,,,,,,,,,,,,,,,,,,,,,,,
29,Male,133,Faith's Scimitar,3.82,Undirrala66,Less Than 30,,,,,,,,,,,,,,,,,,,,,,,,,,,,,,,,,,,,
16,Male,13,Serenity,1.49,Lamil70,Less Than 20,,,,,,,,,,,,,,,,,,,,,,,,,,,,,,,,,,,,
21,Male,12,Dawne,4.3,Chamadarnya73,Less Than 25,,,,,,,,,,,,,,,,,,,,,,,,,,,,,,,,,,,,
20,Female,6,Rusty Skull,1.2,Ilast79,Less Than 25,,,,,,,,,,,,,,,,,,,,,,,,,,,,,,,,,,,,
22,Male,97,"Swan Song, Gouger Of Terror",3.58,Sondilsa35,Less Than 25,,,,,,,,,,,,,,,,,,,,,,,,,,,,,,,,,,,,
26,Male,148,"Warmonger, Gift of Suffering's End",3.96,Ralonurin90,Less Than 30,,,,,,,,,,,,,,,,,,,,,,,,,,,,,,,,,,,,
24,Female,71,Demise,4.07,Marundi65,Less Than 25,,,,,,,,,,,,,,,,,,,,,,,,,,,,,,,,,,,,
20,Male,60,Wolf,1.84,Phaedan76,Less Than 25,,,,,,,,,,,,,,,,,,,,,,,,,,,,,,,,,,,,
20,Male,18,"Torchlight, Bond of Storms",1.77,Farenon57,Less Than 25,,,,,,,,,,,,,,,,,,,,,,,,,,,,,,,,,,,,
20,Male,157,"Spada, Etcher of Hatred",2.21,Ilassa51,Less Than 25,,,,,,,,,,,,,,,,,,,,,,,,,,,,,,,,,,,,
20,Male,101,Final Critic,4.62,Lirtossa84,Less Than 25,,,,,,,,,,,,,,,,,,,,,,,,,,,,,,,,,,,,
23,Male,38,"The Void, Vengeance of Dark Magic",2.82,Airi27,Less Than 25,,,,,,,,,,,,,,,,,,,,,,,,,,,,,,,,,,,,
40,Male,102,Avenger,4.16,Indcil77,Less Than 45,,,,,,,,,,,,,,,,,,,,,,,,,,,,,,,,,,,,
20,Male,53,Vengeance Cleaver,3.7,Chamastya76,Less Than 25,,,,,,,,,,,,,,,,,,,,,,,,,,,,,,,,,,,,
7,Male,158,"Darkheart, Butcher of the Champion",3.56,Lassjask63,Less Than 10,,,,,,,,,,,,,,,,,,,,,,,,,,,,,,,,,,,,
22,Male,175,Woeful Adamantite Claymore,1.24,Heolo60,Less Than 25,,,,,,,,,,,,,,,,,,,,,,,,,,,,,,,,,,,,
18,Female,101,Final Critic,4.62,Isurria36,Less Than 20,,,,,,,,,,,,,,,,,,,,,,,,,,,,,,,,,,,,
15,Male,153,Mercenary Sabre,4.57,Lisossan98,Less Than 20,,,,,,,,,,,,,,,,,,,,,,,,,,,,,,,,,,,,
20,Male,19,"Pursuit, Cudgel of Necromancy",3.98,Sondim43,Less Than 25,,,,,,,,,,,,,,,,,,,,,,,,,,,,,,,,,,,,
20,Male,11,Brimstone,2.52,Mindirra92,Less Than 25,,,,,,,,,,,,,,,,,,,,,,,,,,,,,,,,,,,,
20,Female,11,Brimstone,2.52,Reuthelis39,Less Than 25,,,,,,,,,,,,,,,,,,,,,,,,,,,,,,,,,,,,
18,Male,166,Thirsty Iron Reaver,4.25,Thourdirra92,Less Than 20,,,,,,,,,,,,,,,,,,,,,,,,,,,,,,,,,,,,
25,Male,49,"The Oculus, Token of Lost Worlds",4.23,Frichadar89,Less Than 30,,,,,,,,,,,,,,,,,,,,,,,,,,,,,,,,,,,,
20,Male,123,Twilight's Carver,1.14,Raesursurap33,Less Than 25,,,,,,,,,,,,,,,,,,,,,,,,,,,,,,,,,,,,
20,Female,80,Dreamsong,3.81,Jiskilsa35,Less Than 25,,,,,,,,,,,,,,,,,,,,,,,,,,,,,,,,,,,,
33,Male,172,Blade of the Grave,1.69,Philistirap41,Less Than 35,,,,,,,,,,,,,,,,,,,,,,,,,,,,,,,,,,,,
20,Male,144,Blood Infused Guardian,2.86,Tyidainu31,Less Than 25,,,,,,,,,,,,,,,,,,,,,,,,,,,,,,,,,,,,
39,Female,161,Devine,1.45,Mindimnya67,Less Than 40,,,,,,,,,,,,,,,,,,,,,,,,,,,,,,,,,,,,
37,Female,95,Singed Onyx Warscythe,1.03,Tridaira71,Less Than 40,,,,,,,,,,,,,,,,,,,,,,,,,,,,,,,,,,,,
23,Male,90,Betrayer,1.67,Queusurra38,Less Than 25,,,,,,,,,,,,,,,,,,,,,,,,,,,,,,,,,,,,
20,Male,124,Venom Claymore,2.72,Mindadaran26,Less Than 25,,,,,,,,,,,,,,,,,,,,,,,,,,,,,,,,,,,,
23,Male,130,Alpha,1.56,Lisassa39,Less Than 25,,,,,,,,,,,,,,,,,,,,,,,,,,,,,,,,,,,,
32,Male,78,"Glimmer, Ender of the Moon",2.33,Alaesu77,Less Than 35,,,,,,,,,,,,,,,,,,,,,,,,,,,,,,,,,,,,
25,Male,142,Righteous Might,4.36,Ilogha82,Less Than 30,,,,,,,,,,,,,,,,,,,,,,,,,,,,,,,,,,,,
21,Male,178,"Oathbreaker, Last Hope of the Breaking Storm",2.41,Pharithdil38,Less Than 25,,,,,,,,,,,,,,,,,,,,,,,,,,,,,,,,,,,,
26,Male,85,Malificent Bag,2.17,Mindossasya74,Less Than 30,,,,,,,,,,,,,,,,,,,,,,,,,,,,,,,,,,,,
16,Male,22,Amnesia,3.57,Syadaillo88,Less Than 20,,,,,,,,,,,,,,,,,,,,,,,,,,,,,,,,,,,,
15,Male,127,"Heartseeker, Reaver of Souls",3.21,Lassilsala30,Less Than 20,,,,,,,,,,,,,,,,,,,,,,,,,,,,,,,,,,,,
23,Male,111,Misery's End,2.91,Eusri26,Less Than 25,,,,,,,,,,,,,,,,,,,,,,,,,,,,,,,,,,,,
15,Male,67,"Celeste, Incarnation of the Corrupted",2.31,Chanastsda67,Less Than 20,,,,,,,,,,,,,,,,,,,,,,,,,,,,,,,,,,,,
31,Male,40,Second Chance,2.34,Hilaerin92,Less Than 35,,,,,,,,,,,,,,,,,,,,,,,,,,,,,,,,,,,,
20,Male,18,"Torchlight, Bond of Storms",1.77,Aeliriam77,Less Than 25,,,,,,,,,,,,,,,,,,,,,,,,,,,,,,,,,,,,
35,Male,83,Lifebender,3.51,Lirtossan50,Less Than 40,,,,,,,,,,,,,,,,,,,,,,,,,,,,,,,,,,,,
24,Male,94,Mourning Blade,1.82,Iskossan49,Less Than 25,,,,,,,,,,,,,,,,,,,,,,,,,,,,,,,,,,,,
16,Male,22,Amnesia,3.57,Sondim73,Less Than 20,,,,,,,,,,,,,,,,,,,,,,,,,,,,,,,,,,,,
16,Male,37,"Shadow Strike, Glory of Ending Hope",1.93,Assosia38,Less Than 20,,,,,,,,,,,,,,,,,,,,,,,,,,,,,,,,,,,,
16,Male,115,Spectral Diamond Doomblade,4.25,Reula64,Less Than 20,,,,,,,,,,,,,,,,,,,,,,,,,,,,,,,,,,,,
31,Male,182,Toothpick,3.48,Tyeosri53,Less Than 35,,,,,,,,,,,,,,,,,,,,,,,,,,,,,,,,,,,,
43,Male,57,"Despair, Favor of Due Diligence",3.81,Raesurdil91,Less Than 45,,,,,,,,,,,,,,,,,,,,,,,,,,,,,,,,,,,,
20,Female,103,Singed Scalpel,4.87,Anallorgue57,Less Than 25,,,,,,,,,,,,,,,,,,,,,,,,,,,,,,,,,,,,
21,Male,78,"Glimmer, Ender of the Moon",2.33,Idai61,Less Than 25,,,,,,,,,,,,,,,,,,,,,,,,,,,,,,,,,,,,
26,Male,156,Soul-Forged Steel Shortsword,1.16,Aeduera68,Less Than 30,,,,,,,,,,,,,,,,,,,,,,,,,,,,,,,,,,,,
23,Male,92,Final Critic,1.36,Rithe53,Less Than 25,,,,,,,,,,,,,,,,,,,,,,,,,,,,,,,,,,,,
21,Male,44,Bonecarvin Battle Axe,2.46,Quinarap53,Less Than 25,,,,,,,,,,,,,,,,,,,,,,,,,,,,,,,,,,,,
24,Male,109,"Downfall, Scalpel Of The Emperor",3.2,Haerithp41,Less Than 25,,,,,,,,,,,,,,,,,,,,,,,,,,,,,,,,,,,,
30,Female,79,"Alpha, Oath of Zeal",2.88,Seuthelis34,Less Than 35,,,,,,,,,,,,,,,,,,,,,,,,,,,,,,,,,,,,
21,Female,8,"Purgatory, Gem of Regret",3.91,Styaduen40,Less Than 25,,,,,,,,,,,,,,,,,,,,,,,,,,,,,,,,,,,,
32,Male,120,Agatha,1.91,Ennoncil86,Less Than 35,,,,,,,,,,,,,,,,,,,,,,,,,,,,,,,,,,,,
15,Male,120,Agatha,1.91,Lassassasda30,Less Than 20,,,,,,,,,,,,,,,,,,,,,,,,,,,,,,,,,,,,
31,Male,10,Sleepwalker,1.73,Tyeosri53,Less Than 35,,,,,,,,,,,,,,,,,,,,,,,,,,,,,,,,,,,,
10,Female,63,Stormfury Mace,1.27,Ilaststa70,Less Than 15,,,,,,,,,,,,,,,,,,,,,,,,,,,,,,,,,,,,
28,Male,32,Orenmir,4.95,Tyarithn67,Less Than 30,,,,,,,,,,,,,,,,,,,,,,,,,,,,,,,,,,,,
13,Male,14,Possessed Core,1.59,Streural92,Less Than 15,,,,,,,,,,,,,,,,,,,,,,,,,,,,,,,,,,,,
21,Male,91,Celeste,3.71,Haellysu29,Less Than 25,,,,,,,,,,,,,,,,,,,,,,,,,,,,,,,,,,,,
22,Male,73,Ritual Mace,3.74,Yadaisuir65,Less Than 25,,,,,,,,,,,,,,,,,,,,,,,,,,,,,,,,,,,,
15,Male,172,Blade of the Grave,1.69,Aerithnucal56,Less Than 20,,,,,,,,,,,,,,,,,,,,,,,,,,,,,,,,,,,,
15,Male,77,"Piety, Guardian of Riddles",3.68,Sundjask71,Less Than 20,,,,,,,,,,,,,,,,,,,,,,,,,,,,,,,,,,,,
38,Male,101,Final Critic,4.62,Tyisriphos58,Less Than 40,,,,,,,,,,,,,,,,,,,,,,,,,,,,,,,,,,,,
22,Female,33,Curved Axe,1.35,Sundaststa26,Less Than 25,,,,,,,,,,,,,,,,,,,,,,,,,,,,,,,,,,,,
23,Male,24,Warped Fetish,2.41,Yalo71,Less Than 25,,,,,,,,,,,,,,,,,,,,,,,,,,,,,,,,,,,,
16,Male,67,"Celeste, Incarnation of the Corrupted",2.31,Mindetosya30,Less Than 20,,,,,,,,,,,,,,,,,,,,,,,,,,,,,,,,,,,,
23,Male,15,Soul Infused Crystal,1.03,Chanjaskan89,Less Than 25,,,,,,,,,,,,,,,,,,,,,,,,,,,,,,,,,,,,
36,Male,124,Venom Claymore,2.72,Chadjask77,Less Than 40,,,,,,,,,,,,,,,,,,,,,,,,,,,,,,,,,,,,
32,Male,66,Victor Iron Spikes,3.55,Lirtast83,Less Than 35,,,,,,,,,,,,,,,,,,,,,,,,,,,,,,,,,,,,
7,Male,177,"Winterthorn, Defender of Shifting Worlds",4.89,Ingatcil75,Less Than 10,,,,,,,,,,,,,,,,,,,,,,,,,,,,,,,,,,,,
24,Male,61,Ragnarok,3.97,Lassassast73,Less Than 25,,,,,,,,,,,,,,,,,,,,,,,,,,,,,,,,,,,,
18,Male,157,"Spada, Etcher of Hatred",2.21,Strairisti57,Less Than 20,,,,,,,,,,,,,,,,,,,,,,,,,,,,,,,,,,,,
11,Male,176,Relentless Iron Skewer,2.97,Qarwen67,Less Than 15,,,,,,,,,,,,,,,,,,,,,,,,,,,,,,,,,,,,
35,Male,31,Trickster,2.07,Filrion59,Less Than 40,,,,,,,,,,,,,,,,,,,,,,,,,,,,,,,,,,,,
20,Male,118,"Ghost Reaver, Longsword of Magic",2.77,Sondim43,Less Than 25,,,,,,,,,,,,,,,,,,,,,,,,,,,,,,,,,,,,
25,Male,107,"Splitter, Foe Of Subtlety",3.61,Aellysup38,Less Than 30,,,,,,,,,,,,,,,,,,,,,,,,,,,,,,,,,,,,
38,Male,75,Brutality Ivory Warmace,1.72,Hala31,Less Than 40,,,,,,,,,,,,,,,,,,,,,,,,,,,,,,,,,,,,
26,Female,65,Conqueror Adamantite Mace,1.96,Rithe77,Less Than 30,,,,,,,,,,,,,,,,,,,,,,,,,,,,,,,,,,,,
19,Male,159,"Oathbreaker, Spellblade of Trials",3.01,Marirrasta50,Less Than 20,,,,,,,,,,,,,,,,,,,,,,,,,,,,,,,,,,,,
13,Female,18,"Torchlight, Bond of Storms",1.77,Chanosiast43,Less Than 15,,,,,,,,,,,,,,,,,,,,,,,,,,,,,,,,,,,,
20,Female,100,Blindscythe,3.66,Sundim98,Less Than 25,,,,,,,,,,,,,,,,,,,,,,,,,,,,,,,,,,,,
30,Male,83,Lifebender,3.51,Frichaya88,Less Than 35,,,,,,,,,,,,,,,,,,,,,,,,,,,,,,,,,,,,
27,Male,25,Hero Cane,1.03,Lirtassa47,Less Than 30,,,,,,,,,,,,,,,,,,,,,,,,,,,,,,,,,,,,
29,Female,130,Alpha,1.56,Iathenudil29,Less Than 30,,,,,,,,,,,,,,,,,,,,,,,,,,,,,,,,,,,,
7,Female,11,Brimstone,2.52,Lisirra55,Less Than 10,,,,,,,,,,,,,,,,,,,,,,,,,,,,,,,,,,,,
24,Male,46,Hopeless Ebon Dualblade,4.75,Yarolwen77,Less Than 25,,,,,,,,,,,,,,,,,,,,,,,,,,,,,,,,,,,,
15,Female,112,Worldbreaker,3.29,Crausirra42,Less Than 20,,,,,,,,,,,,,,,,,,,,,,,,,,,,,,,,,,,,
23,Male,87,"Deluge, Edge of the West",2.2,Frichast72,Less Than 25,,,,,,,,,,,,,,,,,,,,,,,,,,,,,,,,,,,,
16,Female,33,Curved Axe,1.35,Eulidru49,Less Than 20,,,,,,,,,,,,,,,,,,,,,,,,,,,,,,,,,,,,
26,Male,81,Dreamkiss,4.06,Aidain51,Less Than 30,,,,,,,,,,,,,,,,,,,,,,,,,,,,,,,,,,,,
24,Male,40,Second Chance,2.34,Sida61,Less Than 25,,,,,,,,,,,,,,,,,,,,,,,,,,,,,,,,,,,,
20,Male,23,Crucifer,2.77,Chamjasknya65,Less Than 25,,,,,,,,,,,,,,,,,,,,,,,,,,,,,,,,,,,,
15,Male,128,"Blazeguard, Reach of Eternity",4,Iri67,Less Than 20,,,,,,,,,,,,,,,,,,,,,,,,,,,,,,,,,,,,
20,Female,91,Celeste,3.71,Ririp86,Less Than 25,,,,,,,,,,,,,,,,,,,,,,,,,,,,,,,,,,,,
37,Female,117,"Heartstriker, Legacy of the Light",4.15,Chadossa56,Less Than 40,,,,,,,,,,,,,,,,,,,,,,,,,,,,,,,,,,,,
23,Male,26,Unholy Wand,1.88,Chanjaskan89,Less Than 25,,,,,,,,,,,,,,,,,,,,,,,,,,,,,,,,,,,,
21,Male,93,Apocalyptic Battlescythe,3.91,Jiskimsda56,Less Than 25,,,,,,,,,,,,,,,,,,,,,,,,,,,,,,,,,,,,
19,Male,66,Victor Iron Spikes,3.55,Assistast50,Less Than 20,,,,,,,,,,,,,,,,,,,,,,,,,,,,,,,,,,,,
16,Male,162,Abyssal Shard,2.04,Euliria52,Less Than 20,,,,,,,,,,,,,,,,,,,,,,,,,,,,,,,,,,,,
16,Male,43,Foul Edge,2.38,Aerithriaphos45,Less Than 20,,,,,,,,,,,,,,,,,,,,,,,,,,,,,,,,,,,,
15,Male,170,Shadowsteel,1.98,Ila44,Less Than 20,,,,,,,,,,,,,,,,,,,,,,,,,,,,,,,,,,,,
24,Male,128,"Blazeguard, Reach of Eternity",4,Sida61,Less Than 25,,,,,,,,,,,,,,,,,,,,,,,,,,,,,,,,,,,,
38,Male,106,Crying Steel Sickle,2.29,Phyali88,Less Than 40,,,,,,,,,,,,,,,,,,,,,,,,,,,,,,,,,,,,
30,Male,72,Winter's Bite,1.39,Iskossa88,Less Than 35,,,,,,,,,,,,,,,,,,,,,,,,,,,,,,,,,,,,
25,Male,115,Spectral Diamond Doomblade,4.25,Aeral85,Less Than 30,,,,,,,,,,,,,,,,,,,,,,,,,,,,,,,,,,,,
24,Male,61,Ragnarok,3.97,Rinallorap73,Less Than 25,,,,,,,,,,,,,,,,,,,,,,,,,,,,,,,,,,,,
36,Male,5,Putrid Fan,1.32,Chanjask65,Less Than 40,,,,,,,,,,,,,,,,,,,,,,,,,,,,,,,,,,,,
25,Male,73,Ritual Mace,3.74,Saedue76,Less Than 30,,,,,,,,,,,,,,,,,,,,,,,,,,,,,,,,,,,,
34,Other / Non-Disclosed,179,"Wolf, Promise of the Moonwalker",1.88,Assassa38,Less Than 35,,,,,,,,,,,,,,,,,,,,,,,,,,,,,,,,,,,,
27,Female,67,"Celeste, Incarnation of the Corrupted",2.31,Tyaelorgue39,Less Than 30,,,,,,,,,,,,,,,,,,,,,,,,,,,,,,,,,,,,
22,Male,84,Arcane Gem,2.23,Tyananurgue44,Less Than 25,,,,,,,,,,,,,,,,,,,,,,,,,,,,,,,,,,,,
13,Male,5,Putrid Fan,1.32,Isketo41,Less Than 15,,,,,,,,,,,,,,,,,,,,,,,,,,,,,,,,,,,,
21,Male,159,"Oathbreaker, Spellblade of Trials",3.01,Sundast87,Less Than 25,,,,,,,,,,,,,,,,,,,,,,,,,,,,,,,,,,,,
24,Male,37,"Shadow Strike, Glory of Ending Hope",1.93,Yadacal26,Less Than 25,,,,,,,,,,,,,,,,,,,,,,,,,,,,,,,,,,,,
15,Male,174,Primitive Blade,2.46,Ila44,Less Than 20,,,,,,,,,,,,,,,,,,,,,,,,,,,,,,,,,,,,
9,Male,103,Singed Scalpel,4.87,Ilophos58,Less Than 10,,,,,,,,,,,,,,,,,,,,,,,,,,,,,,,,,,,,
21,Male,102,Avenger,4.16,Marilsanya48,Less Than 25,,,,,,,,,,,,,,,,,,,,,,,,,,,,,,,,,,,,
22,Female,79,"Alpha, Oath of Zeal",2.88,Phially37,Less Than 25,,,,,,,,,,,,,,,,,,,,,,,,,,,,,,,,,,,,
25,Male,169,"Interrogator, Blood Blade of the Queen",3.32,Iduedru67,Less Than 30,,,,,,,,,,,,,,,,,,,,,,,,,,,,,,,,,,,,
7,Male,82,Nirvana,1.11,Yarithsurgue62,Less Than 10,,,,,,,,,,,,,,,,,,,,,,,,,,,,,,,,,,,,
26,Male,39,"Betrayal, Whisper of Grieving Widows",2.35,Aeduera68,Less Than 30,,,,,,,,,,,,,,,,,,,,,,,,,,,,,,,,,,,,
29,Male,18,"Torchlight, Bond of Storms",1.77,Saidairiaphos61,Less Than 30,,,,,,,,,,,,,,,,,,,,,,,,,,,,,,,,,,,,
20,Male,69,"Frenzy, Defender of the Harvest",1.06,Tillyrin30,Less Than 25,,,,,,,,,,,,,,,,,,,,,,,,,,,,,,,,,,,,
13,Female,117,"Heartstriker, Legacy of the Light",4.15,Chanosiast43,Less Than 15,,,,,,,,,,,,,,,,,,,,,,,,,,,,,,,,,,,,
15,Male,14,Possessed Core,1.59,Quarusrion32,Less Than 20,,,,,,,,,,,,,,,,,,,,,,,,,,,,,,,,,,,,
18,Male,21,Souleater,3.27,Chamimla73,Less Than 20,,,,,,,,,,,,,,,,,,,,,,,,,,,,,,,,,,,,
25,Male,139,"Mercy, Katana of Dismay",4.37,Eurith26,Less Than 30,,,,,,,,,,,,,,,,,,,,,,,,,,,,,,,,,,,,
22,Male,48,"Rage, Legacy of the Lone Victor",4.32,Tyananurgue44,Less Than 25,,,,,,,,,,,,,,,,,,,,,,,,,,,,,,,,,,,,
16,Male,134,Undead Crusader,4.67,Iskichinya81,Less Than 20,,,,,,,,,,,,,,,,,,,,,,,,,,,,,,,,,,,,
10,Female,148,"Warmonger, Gift of Suffering's End",3.96,Hiadanurin36,Less Than 15,,,,,,,,,,,,,,,,,,,,,,,,,,,,,,,,,,,,
20,Female,106,Crying Steel Sickle,2.29,Tyaelly53,Less Than 25,,,,,,,,,,,,,,,,,,,,,,,,,,,,,,,,,,,,
23,Female,37,"Shadow Strike, Glory of Ending Hope",1.93,Shidai42,Less Than 25,,,,,,,,,,,,,,,,,,,,,,,,,,,,,,,,,,,,
16,Male,8,"Purgatory, Gem of Regret",3.91,Bartassaya73,Less Than 20,,,,,,,,,,,,,,,,,,,,,,,,,,,,,,,,,,,,
13,Male,175,Woeful Adamantite Claymore,1.24,Mindosiasya28,Less Than 15,,,,,,,,,,,,,,,,,,,,,,,,,,,,,,,,,,,,
10,Male,16,Restored Bauble,3.11,Ethrusuard41,Less Than 15,,,,,,,,,,,,,,,,,,,,,,,,,,,,,,,,,,,,
19,Male,45,Glinting Glass Edge,2.46,Indirrian56,Less Than 20,,,,,,,,,,,,,,,,,,,,,,,,,,,,,,,,,,,,
22,Male,101,Final Critic,4.62,Sondim68,Less Than 25,,,,,,,,,,,,,,,,,,,,,,,,,,,,,,,,,,,,
25,Male,56,Foul Titanium Battle Axe,4.33,Tyadaru49,Less Than 30,,,,,,,,,,,,,,,,,,,,,,,,,,,,,,,,,,,,
35,Female,93,Apocalyptic Battlescythe,3.91,Cosadar58,Less Than 40,,,,,,,,,,,,,,,,,,,,,,,,,,,,,,,,,,,,
19,Male,154,Feral Katana,2.19,Farusrian86,Less Than 20,,,,,,,,,,,,,,,,,,,,,,,,,,,,,,,,,,,,
24,Male,145,Fiery Glass Crusader,4.45,Leyirra83,Less Than 25,,,,,,,,,,,,,,,,,,,,,,,,,,,,,,,,,,,,
26,Male,84,Arcane Gem,2.23,Inguron55,Less Than 30,,,,,,,,,,,,,,,,,,,,,,,,,,,,,,,,,,,,
20,Male,134,Undead Crusader,4.67,Haedasu65,Less Than 25,,,,,,,,,,,,,,,,,,,,,,,,,,,,,,,,,,,,
21,Male,130,Alpha,1.56,Ialistidru50,Less Than 25,,,,,,,,,,,,,,,,,,,,,,,,,,,,,,,,,,,,
20,Male,79,"Alpha, Oath of Zeal",2.88,Sweecossa42,Less Than 25,,,,,,,,,,,,,,,,,,,,,,,,,,,,,,,,,,,,
35,Male,34,Retribution Axe,4.14,Ralasti48,Less Than 40,,,,,,,,,,,,,,,,,,,,,,,,,,,,,,,,,,,,
32,Male,52,Hatred,4.39,Lamon28,Less Than 35,,,,,,,,,,,,,,,,,,,,,,,,,,,,,,,,,,,,
15,Male,120,Agatha,1.91,Isri49,Less Than 20,,,,,,,,,,,,,,,,,,,,,,,,,,,,,,,,,,,,
21,Male,114,Yearning Mageblade,1.79,Frichassala85,Less Than 25,,,,,,,,,,,,,,,,,,,,,,,,,,,,,,,,,,,,
23,Male,86,Stormfury Lantern,1.28,Eollym91,Less Than 25,,,,,,,,,,,,,,,,,,,,,,,,,,,,,,,,,,,,
26,Female,179,"Wolf, Promise of the Moonwalker",1.88,Lisjasksda68,Less Than 30,,,,,,,,,,,,,,,,,,,,,,,,,,,,,,,,,,,,
15,Female,116,Renewed Skeletal Katana,2.37,Yalostiphos68,Less Than 20,,,,,,,,,,,,,,,,,,,,,,,,,,,,,,,,,,,,
20,Male,4,Bloodlord's Fetish,2.28,Thryallym62,Less Than 25,,,,,,,,,,,,,,,,,,,,,,,,,,,,,,,,,,,,
31,Male,104,Gladiator's Glaive,1.36,Sondastan54,Less Than 35,,,,,,,,,,,,,,,,,,,,,,,,,,,,,,,,,,,,
22,Female,179,"Wolf, Promise of the Moonwalker",1.88,Ailaesuir66,Less Than 25,,,,,,,,,,,,,,,,,,,,,,,,,,,,,,,,,,,,
22,Male,6,Rusty Skull,1.2,Siasri67,Less Than 25,,,,,,,,,,,,,,,,,,,,,,,,,,,,,,,,,,,,
35,Male,11,Brimstone,2.52,Seosri62,Less Than 40,,,,,,,,,,,,,,,,,,,,,,,,,,,,,,,,,,,,
20,Male,122,Unending Tyranny,1.21,Ryastycal90,Less Than 25,,,,,,,,,,,,,,,,,,,,,,,,,,,,,,,,,,,,
19,Male,87,"Deluge, Edge of the West",2.2,Chanirrasta87,Less Than 20,,,,,,,,,,,,,,,,,,,,,,,,,,,,,,,,,,,,
29,Male,81,Dreamkiss,4.06,Aerithllora36,Less Than 30,,,,,,,,,,,,,,,,,,,,,,,,,,,,,,,,,,,,
28,Male,175,Woeful Adamantite Claymore,1.24,Raeduerin33,Less Than 30,,,,,,,,,,,,,,,,,,,,,,,,,,,,,,,,,,,,
36,Male,52,Hatred,4.39,Lisosiast26,Less Than 40,,,,,,,,,,,,,,,,,,,,,,,,,,,,,,,,,,,,
27,Other / Non-Disclosed,48,"Rage, Legacy of the Lone Victor",4.32,Eurisuru25,Less Than 30,,,,,,,,,,,,,,,,,,,,,,,,,,,,,,,,,,,,
25,Male,70,Hope's End,3.89,Assassasda84,Less Than 30,,,,,,,,,,,,,,,,,,,,,,,,,,,,,,,,,,,,
15,Male,13,Serenity,1.49,Aerithnucal56,Less Than 20,,,,,,,,,,,,,,,,,,,,,,,,,,,,,,,,,,,,
22,Female,84,Arcane Gem,2.23,Nitherian58,Less Than 25,,,,,,,,,,,,,,,,,,,,,,,,,,,,,,,,,,,,
20,Male,122,Unending Tyranny,1.21,Hailaphos89,Less Than 25,,,,,,,,,,,,,,,,,,,,,,,,,,,,,,,,,,,,
21,Male,158,"Darkheart, Butcher of the Champion",3.56,Chamucosda93,Less Than 25,,,,,,,,,,,,,,,,,,,,,,,,,,,,,,,,,,,,
24,Male,73,Ritual Mace,3.74,Frichilsasya78,Less Than 25,,,,,,,,,,,,,,,,,,,,,,,,,,,,,,,,,,,,
22,Male,141,Persuasion,3.27,Aenasu69,Less Than 25,,,,,,,,,,,,,,,,,,,,,,,,,,,,,,,,,,,,
24,Male,25,Hero Cane,1.03,Lassista97,Less Than 25,,,,,,,,,,,,,,,,,,,,,,,,,,,,,,,,,,,,
15,Male,31,Trickster,2.07,Sidap51,Less Than 20,,,,,,,,,,,,,,,,,,,,,,,,,,,,,,,,,,,,
21,Male,44,Bonecarvin Battle Axe,2.46,Chamadarsda63,Less Than 25,,,,,,,,,,,,,,,,,,,,,,,,,,,,,,,,,,,,
24,Male,123,Twilight's Carver,1.14,Lassassast73,Less Than 25,,,,,,,,,,,,,,,,,,,,,,,,,,,,,,,,,,,,
22,Male,98,"Deadline, Voice Of Subtlety",3.62,Eural50,Less Than 25,,,,,,,,,,,,,,,,,,,,,,,,,,,,,,,,,,,,
14,Male,104,Gladiator's Glaive,1.36,Lirtossa78,Less Than 15,,,,,,,,,,,,,,,,,,,,,,,,,,,,,,,,,,,,
20,Male,117,"Heartstriker, Legacy of the Light",4.15,Tillyrin30,Less Than 25,,,,,,,,,,,,,,,,,,,,,,,,,,,,,,,,,,,,
20,Male,75,Brutality Ivory Warmace,1.72,Quelaton80,Less Than 25,,,,,,,,,,,,,,,,,,,,,,,,,,,,,,,,,,,,
23,Female,107,"Splitter, Foe Of Subtlety",3.61,Alim85,Less Than 25,,,,,,,,,,,,,,,,,,,,,,,,,,,,,,,,,,,,
