,user,text,created_at,compound,positive,neutral,negative
0,CBS,RT if that musical number by the cast of Carousel blew you away! #TonyAwards https://t.co/CMzMNtcAQO,2018-06-11 01:08:28+00:00,0.1511,0.102,0.898,0.0
1,CBS,RT @McBenefit: I love everything about you @UzoAduba. #TonyAwards,2018-06-11 01:12:31+00:00,0.6369,0.375,0.625,0.0
2,CBS,So many feels at the #TonyAwards. Congratulations to @arielstachel for winning Best Featured Actor in a Musical!‚Ä¶ https://t.co/m1aRNIHPRK,2018-06-11 01:19:59+00:00,0.9151,0.457,0.543,0.0
3,CBS,.@Matt_Morrison welcomes the Marjory Stoneman Douglas High School theatre department to the stage. #TonyAwards https://t.co/5dxa9smeka,2018-06-11 01:24:12+00:00,0.4019,0.162,0.838,0.0
4,CBS,Such a touching moment at the #TonyAwards. ‚ù§Ô∏è https://t.co/4kJWTHVPZ8,2018-06-11 01:24:46+00:00,0.0,0.0,1.0,0.0
5,CBS,RT @KatLargent: MAGIC #TonyAwards,2018-06-11 01:25:59+00:00,0.0,0.0,1.0,0.0
6,CBS,RT @IzzyNY202: How impressive are these Marjory Stoneman Douglas students? That #TonyAwards performance reduced me to tears. Amazing.,2018-06-11 01:26:03+00:00,0.7351,0.296,0.625,0.079
7,CBS,.@SaraBareilles is totally a Gryffindor. #TonyAwards https://t.co/OPQ7esk2dn,2018-06-11 01:29:21+00:00,0.0,0.0,1.0,0.0
8,CBS,Glenda Jackson wins Best Leading Actress in a Play. #TonyAwards @threetallwomen https://t.co/GRp1gcBuiW,2018-06-11 01:30:56+00:00,0.8834,0.563,0.437,0.0
9,CBS,RT @anna_villanueva: Magnificent performance from the cast of @FrozenBroadway! #TonyAwards2018 #TonyAwards #Tonys,2018-06-11 01:37:36+00:00,0.636,0.276,0.724,0.0
10,CBS,If only this performance could go on forever. #TonyAwards @FrozenBroadway https://t.co/p2BMUvyTxr,2018-06-11 01:38:23+00:00,0.0,0.0,1.0,0.0
11,CBS,"RT @Valerie4815: What a birthday present, the Tony audience singing happy birthday to you!! #TonyAwards",2018-06-11 01:51:16+00:00,0.6467,0.248,0.752,0.0
12,CBS,RT @hjmayer8: I sure do love @DearEvanHansen üíô #TonyAwards,2018-06-11 01:53:17+00:00,0.7579,0.565,0.435,0.0
13,CBS,@writerlindsayb You're welcome! #TonyAwards,2018-06-11 01:58:48+00:00,0.5093,0.523,0.477,0.0
14,CBS,Hope he brought enough birthday cake for everyone! #TonyAwards https://t.co/FlLbKV6oj8,2018-06-11 02:03:31+00:00,0.4926,0.262,0.738,0.0
15,CBS,üé∂ ‚ÄúLet's dance this last dance tonight.‚Äù üé∂ #TonyAwards #DonnaSummerMusical https://t.co/UAIaglChfv,2018-06-11 02:05:47+00:00,0.0,0.0,1.0,0.0
16,CBS,Harry Potter and the Cursed Child wins Best Play at the #TonyAwards! @HPPlayNYC https://t.co/WIqJQmtAlN,2018-06-11 02:11:03+00:00,0.8908,0.491,0.509,0.0
17,CBS,That performance was the GOAT. #TonyAwards https://t.co/mtoU92HipQ,2018-06-11 02:16:06+00:00,0.0,0.0,1.0,0.0
18,CBS,"RT @leahableson: The Once On This Island Goat And Chicken made it to the broadcast, Mama WILL provide #TonyAwards",2018-06-11 02:21:03+00:00,0.0,0.0,1.0,0.0
19,CBS,Angels in America takes the win for Best Revival of a Play! #TonyAwards https://t.co/zodW61tw8a,2018-06-11 02:23:56+00:00,0.8932,0.517,0.483,0.0
20,CBS,"""I'm a living example of how theatre can change you - and it didn't just change me, it saved me."" @JohnLeguizamo at‚Ä¶ https://t.co/4ICwMhb6hv",2018-06-11 02:29:18+00:00,0.4215,0.123,0.877,0.0
21,CBS,What a beautiful performance by the cast of #TheBandsVisit. #TonyAwards https://t.co/4Hw96kZvrf,2018-06-11 02:33:09+00:00,0.5994,0.302,0.698,0.0
22,CBS,The feeling when you win a Tony. üôå¬†Congratulations to Once on This Island for winning Best Revival of a Musical!‚Ä¶ https://t.co/UpFCqgBTwh,2018-06-11 02:44:37+00:00,0.9523,0.55,0.45,0.0
23,CBS,Inspiration: Get to your YES! #OnceOnThisIsland #TonyAwards https://t.co/Wjp0QIWfXq,2018-06-11 02:44:50+00:00,0.7978,0.543,0.457,0.0
24,CBS,RT @Aatamianphoto: Springsteen is on the #TonyAwards and I love it.,2018-06-11 02:47:29+00:00,0.6369,0.318,0.682,0.0
25,CBS,The Boss looks right at home on the #TonyAwards stage! https://t.co/pwjv4iydkn,2018-06-11 02:53:00+00:00,0.0,0.0,1.0,0.0
26,CBS,Tony Shalhoub wins Best Leading Actor in a Musical. #TonyAwards   #TheBandsVisit https://t.co/KcUDSicKI5,2018-06-11 02:56:10+00:00,0.836,0.467,0.533,0.0
27,CBS,RT @_stobin13: watching the #TonyAwards after going to 3 broadway shows this weekend makes it even better üòçü§©,2018-06-11 02:56:40+00:00,0.4404,0.153,0.847,0.0
28,CBS,"RT @CBSThisMorning: Hmm... something seems off here @SaraBareilles @JoshGroban. üòÇ

@WaitressMusical @GreatCometBway #TonyAwards https://t.c‚Ä¶",2018-06-11 02:58:30+00:00,0.0,0.0,1.0,0.0
29,CBS,Congratulations are in order for @TheKatrinaLenk! She just won for Best Leading Actress in a Musical. #TonyAwards https://t.co/t9bNvpiEmH,2018-06-11 03:02:06+00:00,0.92,0.463,0.537,0.0
30,CBS,An end to a magical evening. The Band's Visit wins for Best Musical! #TonyAwards https://t.co/ODza97n8YH,2018-06-11 03:10:33+00:00,0.8478,0.406,0.594,0.0
31,CBS,See the complete list of winners from the 2018 #TonyAwards: https://t.co/9XK6CGeber https://t.co/HkUIN4Quej,2018-06-11 06:04:41+00:00,0.4767,0.22,0.78,0.0
32,CBS,Here are all the performances from the 2018 #TonyAwards: https://t.co/gN4ItpFlRd https://t.co/fSMNBXKC9r,2018-06-11 06:19:36+00:00,0.0,0.0,1.0,0.0
33,CBS,How do you know @SaraBareilles and @joshgroban's music? #TonyAwards https://t.co/POMXBORfUT,2018-06-11 14:00:37+00:00,0.0,0.0,1.0,0.0
34,CBS,"In case you missed it, watch the entire #TonyAwards now: https://t.co/Bm0yNV3Ff3 https://t.co/3GA5otlcPa",2018-06-11 19:01:38+00:00,-0.296,0.0,0.833,0.167
35,CBS,"RT @TheNeighborhood: Welcome to #TheNeighborhood, @BethBehrs! The @2BrokeGirls star returns to @CBS in a new sitcom alongside @CedEntertain‚Ä¶",2018-06-11 22:23:06+00:00,0.5093,0.171,0.829,0.0
36,CBS,"No pain, no gain, ALL Hart! Just one month until the premiere of @TKOCBS hosted by @KevinHart4real. https://t.co/C1yMCglxVn",2018-06-12 00:19:23+00:00,-0.5562,0.134,0.551,0.315
37,CBS,RT @StrangeAngel: Mastermind or maniac? Explore the brilliant mind of Jack Parsons in #StrangeAngel. Now streaming on CBS All Access: https‚Ä¶,2018-06-14 16:19:32+00:00,0.1779,0.147,0.734,0.12
38,CBS,"In case you missed it, watch the entire #TonyAwards now: https://t.co/Bm0yNV3Ff3 https://t.co/h3YnFkmSQJ",2018-06-14 17:30:00+00:00,-0.296,0.0,0.833,0.167
39,CBS,"Casting Alert! @paulwesley, @DaniaJRamirez &amp; @JamesWolk are set to star in the upcoming CBS All Access psychologica‚Ä¶ https://t.co/JnZMrzT92n",2018-06-15 18:48:29+00:00,0.3595,0.128,0.872,0.0
40,CBS,"Today and every day we celebrate their love, guidance, and support. Happy #FathersDay to every kind of dad! https://t.co/Wffax1khBH",2018-06-17 13:00:01+00:00,0.9392,0.493,0.507,0.0
41,CBS,RT @CBSBigBrother: Meet the cast of #BB20... before anyone else! Start streaming all their live interviews beginning at 11am EST/8am PST on‚Ä¶,2018-06-18 15:00:46+00:00,0.0,0.0,1.0,0.0
42,CBS,Time to make your predictions for #BB20! üëè Get to know the @CBSBigBrother Houseguests before the big premiere next‚Ä¶ https://t.co/jlpIchJ9sk,2018-06-18 20:27:50+00:00,0.0,0.0,1.0,0.0
43,CBS,There‚Äôs nothing quite like watching a contestant win a brand new car on @PriceIsRight. üëè  https://t.co/aKlFikYAMM,2018-06-20 00:39:01+00:00,0.3555,0.222,0.642,0.136
44,CBS,"Lights, camera, selfie! üì∏¬†Could there be a better photo for #NationalSelfieDay? https://t.co/14Ewx64yKC",2018-06-21 23:29:50+00:00,0.4926,0.242,0.758,0.0
45,CBS,"Every day is #TakeYourDogToWorkDay for shows like @HawaiiFive0CBS, @MomCBS, @SEALTeamCBS, and @bigbangtheory! https://t.co/DJaOt1VQcw",2018-06-22 18:33:53+00:00,0.4199,0.189,0.811,0.0
46,CBS,Tonight's the night! Don't miss model @ashleygraham on the season finale of Celebrity @undercover_cbs at 8/7c. https://t.co/iBxAOcOF7a,2018-06-22 21:19:06+00:00,0.1867,0.098,0.902,0.0
47,CBS,The world will finally know the truth. ‚òÑÔ∏è Make sure to tune in to the heart-pounding Season 2 premiere of‚Ä¶ https://t.co/mqMleW90DY,2018-06-25 18:20:25+00:00,0.5574,0.204,0.796,0.0
48,CBS,"It looks like you...

(‚Ä¢_‚Ä¢)
( ‚Ä¢_‚Ä¢)&gt;‚åê‚ñ†-‚ñ†
(‚åê‚ñ†_‚ñ†)

Have a lot of TV to watch!

Celebrate #NationalSunglassesDay with H‚Ä¶ https://t.co/Babt4ajIgV",2018-06-27 14:00:01+00:00,0.7574,0.289,0.711,0.0
49,CBS,What‚Äôs summer without @CBSBigBrother? ‚òÄÔ∏è RT if you‚Äôre counting down the hours to the #BB20 premiere TONIGHT at 8/7c‚Ä¶ https://t.co/Xp1s4Fp5J8,2018-06-27 20:31:32+00:00,0.0,0.0,1.0,0.0
50,CBS,"If at first you don‚Äôt succeed on @PriceIsRight‚Ä¶bid, bid again! https://t.co/OWBaOsFZ3i",2018-07-02 17:00:02+00:00,0.5411,0.259,0.741,0.0
51,CBS,RT @TrueCrimeCBS: Two new true-crime series are set to premiere this July on CBS! Learn more about #Whistleblower and #PinkCollarCrimes bef‚Ä¶,2018-07-02 17:27:06+00:00,0.0,0.0,1.0,0.0
52,CBS,Take a first look at our @Comic_Con lineup along with details of what you can expect to see:‚Ä¶ https://t.co/JqBtlKcwq3,2018-07-02 20:47:32+00:00,0.0,0.0,1.0,0.0
53,CBS,"How much does it cost to bury the truth? #OneDollar premieres Thursday, August 30, exclusively on CBS All Access.‚Ä¶ https://t.co/1tab8eCaFz",2018-07-02 21:13:11+00:00,0.3182,0.108,0.892,0.0
54,CBS,Have you heard? Tonight's the first Live Show of #BB20. Grab a seat and get ready to watch the action unfold on CBS‚Ä¶ https://t.co/0YgRV1HLGd,2018-07-05 21:12:17+00:00,0.3612,0.102,0.898,0.0
55,CBS,Happy #InternationalKissingDay! See which stars we caught locking lips on the CBS Kiss Cam. üòò https://t.co/oMPCHZlgCl,2018-07-06 18:26:37+00:00,0.7777,0.343,0.657,0.0
56,CBS,"RT @SalvationCBS: Mark your calendars, #Salvies: Monday's new #SalvationCBS will air at a special time, 10/9c. https://t.co/RUh1J7cfj8",2018-07-06 22:22:55+00:00,0.4019,0.153,0.847,0.0
57,CBS,"RT @cbsallaccess: How much does it cost to bury the truth? #OneDollar premieres August 30, exclusively on CBS All Access. https://t.co/2HdY‚Ä¶",2018-07-09 18:09:00+00:00,0.3182,0.103,0.897,0.0
58,CBS,"RT @TKOCBS: The Ball Buster, the Frisboom, the Spike Launcher, and the Slammer‚Ä¶ Get to know all of the #TKO Battle Stations: https://t.co/2‚Ä¶",2018-07-09 18:53:34+00:00,-0.3818,0.0,0.894,0.106
59,CBS,Time to mark your calendars! CBS' fall 2018 premiere lineup has been announced: https://t.co/yYv3H9aEO7 https://t.co/lRxAA7suie,2018-07-09 23:55:07+00:00,0.0,0.0,1.0,0.0
60,CBS,"RT @MagnumPICBS: Talk about hands-on research! #MagnumPI's cast had the honor of joining the US Navy Submarine Force, US Pacific Fleet #Sub‚Ä¶",2018-07-11 19:09:34+00:00,0.5411,0.143,0.857,0.0
61,CBS,"It‚Äôs fun, different, unique, and finally here! @TKOCBS hosted by @KevinHart4real premieres at 9/8c on CBS and‚Ä¶ https://t.co/MCeVLVK85i",2018-07-11 21:44:45+00:00,0.5562,0.174,0.826,0.0
62,CBS,RT @TKOCBS: Prepare to have some major FUN. #TKO starts NOW! https://t.co/i2ftL6GCj5,2018-07-12 01:01:24+00:00,0.6514,0.282,0.718,0.0
63,CBS,Take a walk down @YandR_CBS memory lane with stars @JessWaltonYR and Peter Bergman! You can watch full episodes of‚Ä¶ https://t.co/MZEUfiJJyb,2018-07-13 17:49:38+00:00,0.0,0.0,1.0,0.0
64,CBS,"RT @TheNeighborhood: There's a new family on the block, and they're about to turn this neighborhood upside down. @CedEntertainer and @Tichi‚Ä¶",2018-07-13 21:15:41+00:00,-0.4404,0.0,0.868,0.132
65,CBS,"Stand up. Speak up. Blow the whistle. 

Don't miss the premiere of the @TrueCrimeCBS series #Whistleblower tonight‚Ä¶ https://t.co/uNhx4Codc2",2018-07-13 21:35:01+00:00,0.1139,0.078,0.922,0.0
66,CBS,Celebrate #WorldEmojiDay with a fun game! Use the emoji sequences below to guess the CBS show. üëá Tweet your respons‚Ä¶ https://t.co/LCqvuVtkXK,2018-07-17 17:22:26+00:00,0.807,0.3,0.7,0.0
67,CBS,üí•üåéüî¨¬†#WorldEmojiDay,2018-07-17 17:22:26+00:00,0.0,0.0,1.0,0.0
68,CBS,üë∂üí•üåéüî¨¬†#WorldEmojiDay,2018-07-17 17:22:27+00:00,0.0,0.0,1.0,0.0
69,CBS,üè†üìπüìπüìπ¬†#WorldEmojiDay,2018-07-17 17:22:27+00:00,0.0,0.0,1.0,0.0
70,CBS,üêÆ‚öñÔ∏è¬†#WorldEmojiDay,2018-07-17 17:22:27+00:00,0.0,0.0,1.0,0.0
71,CBS,üèùüî•üíµ¬†#WorldEmojiDay,2018-07-17 17:22:27+00:00,0.0,0.0,1.0,0.0
72,CBS,üíÑüë†üì∑¬†#WorldEmojiDay,2018-07-17 17:22:27+00:00,0.0,0.0,1.0,0.0
73,CBS,ü§ùüíºüí∞¬†#WorldEmojiDay,2018-07-17 17:22:28+00:00,0.0,0.0,1.0,0.0
74,CBS,üë∂üò¥üö´¬†#WorldEmojiDay,2018-07-17 17:22:28+00:00,0.0,0.0,1.0,0.0
75,CBS,üíôüëÆüçΩ¬†#WorldEmojiDay,2018-07-17 17:22:28+00:00,0.0,0.0,1.0,0.0
76,CBS,üåé‚òÑÔ∏è¬†#WorldEmojiDay,2018-07-17 17:22:28+00:00,0.0,0.0,1.0,0.0
77,CBS,üí£üìé¬†#WorldEmojiDay,2018-07-17 17:22:28+00:00,0.0,0.0,1.0,0.0
78,CBS,üè∑üí∞üé∞¬†#WorldEmojiDay,2018-07-17 17:22:28+00:00,0.0,0.0,1.0,0.0
79,CBS,üë©‚Äçüíºüíºüá∫üá∏¬†#WorldEmojiDay,2018-07-17 17:22:29+00:00,0.0,0.0,1.0,0.0
80,CBS,‚öìÔ∏èü¶Öüá∫üá∏¬†#WorldEmojiDay,2018-07-17 17:22:29+00:00,0.0,0.0,1.0,0.0
81,CBS,üïµÔ∏èüïµÔ∏è‚Äç‚ôÄÔ∏è¬†#WorldEmojiDay,2018-07-17 17:22:29+00:00,0.0,0.0,1.0,0.0
82,CBS,üèÑüå¥üöî¬†#WorldEmojiDay,2018-07-17 17:22:29+00:00,0.0,0.0,1.0,0.0
83,CBS,üë®üìù‚úîÔ∏è¬†#WorldEmojiDay,2018-07-17 17:22:29+00:00,0.0,0.0,1.0,0.0
84,CBS,ü§∞üë©‚Äçüëßüö´üç∏ #WorldEmojiDay,2018-07-17 17:55:25+00:00,0.0,0.0,1.0,0.0
85,CBS,"This @cbsallaccess series is unlike any fairy tale you've ever seen before. @paulwesley, @kevwilliamson &amp;‚Ä¶ https://t.co/icsSnPxKAr",2018-07-20 15:08:23+00:00,0.0,0.0,1.0,0.0
86,CBS,Take a trip down memory lane with the cast and crew of @MagnumPICBS at #SDCC2018! https://t.co/jHVxm7kyaT,2018-07-20 21:39:09+00:00,0.0,0.0,1.0,0.0
87,CBS,"RT @startrekcbs: Discover the next adventure of Starfleet in this first look at the season 2 premiere, coming early 2019. Season 1 is now s‚Ä¶",2018-07-20 22:29:36+00:00,0.3182,0.095,0.905,0.0
88,CBS,George blew the whistle on a doctor targeting those who believed they had cancer. What was the outcome? Find out to‚Ä¶ https://t.co/rLlNzlK3Cy,2018-07-20 23:44:54+00:00,-0.6597,0.0,0.82,0.18
89,CBS,"RT @TrueCrimeCBS: When you find out you‚Äôve been treated with chemo, but you don‚Äôt have cancer. #Whistleblower https://t.co/DAKwu1vcNX",2018-07-21 00:10:00+00:00,-0.7964,0.0,0.736,0.264
90,CBS,RT @bigbangtheory: The #BigBangTheory writers teased a honeymoon episode and more @YoungSheldon characters in Season 12 while speaking at #‚Ä¶,2018-07-21 00:19:12+00:00,-0.296,0.0,0.891,0.109
91,CBS,RT @MagnumPICBS: Couldn't make it to San Diego for the #MagnumPI panel? Here's everything you missed at #SDCC2018: https://t.co/Z7IBqF1YJ8‚Ä¶,2018-07-21 00:55:28+00:00,-0.296,0.0,0.891,0.109
92,CBS,RT @startrekcbs: Stream the full panel &amp; learn all the exclusive details revealed about season 2 of #StarTrekDiscovery at @Comic_Con: https‚Ä¶,2018-07-22 01:56:13+00:00,0.128,0.073,0.927,0.0
93,CBS,The cast couldn‚Äôt be more excited to welcome @ansonmount into the @startrekcbs family! Who‚Äôs ready to see the iconi‚Ä¶ https://t.co/fOS4f4VCb2,2018-07-23 21:30:33+00:00,0.8293,0.34,0.66,0.0
94,CBS,"Mark your calendars because you won‚Äôt want to miss this! Former Secretaries of State @HillaryClinton, @Madeleine, a‚Ä¶ https://t.co/JKDPp97OqN",2018-07-24 18:54:14+00:00,-0.1511,0.068,0.834,0.099
95,CBS,Who's excited for the return of @MurphyBrownCBS? Here's a behind-the-scenes look at the first table read of the sea‚Ä¶ https://t.co/1B5S4WJnCW,2018-07-25 01:05:03+00:00,0.34,0.118,0.882,0.0
96,CBS,"Renowned artists Cher, Philip Glass, Reba McEntire, Wayne Shorter, and the co-creators of #Hamilton will be recogni‚Ä¶ https://t.co/PEjjI9MKE1",2018-07-25 15:12:31+00:00,0.0,0.0,1.0,0.0
97,CBS,"This is one allowance that can‚Äôt be beat! Kids are winning big this week on @PriceIsRight. üéâ
 https://t.co/lncKu9XvNo",2018-07-25 17:25:36+00:00,0.5707,0.187,0.813,0.0
98,BBC,"""I would like to do it all over again. There was a war on but otherwise it was absolutely wonderful."" ‚ù§Ô∏èÔ∏è

Remember‚Ä¶ https://t.co/1cSKgxW5gF",2018-07-26 13:01:05+00:00,-0.1779,0.072,0.826,0.101
99,BBC,RT @bbcweather: It is officially the hottest day of the year so far in the UK with temperatures soaring to 35C in west London. https://t.co‚Ä¶,2018-07-26 15:40:44+00:00,0.0,0.0,1.0,0.0
100,BBC,"üòÄ‚ô•Ô∏è Four-year-old Daniel and 91-year-old Stuart, who has dementia, have struck up an unlikely friendship.  https://t.co/DVpVhIssTc",2018-07-26 16:02:03+00:00,0.2263,0.153,0.741,0.106
101,BBC,"RT @bbcpress: Late for the first game of @BBCMOTD, missed the first dance on #Strictly or tuned in halfway through #EastEnders? Pushing the‚Ä¶",2018-07-26 16:11:16+00:00,-0.296,0.0,0.909,0.091
102,BBC,A dog called Minnie has been reunited with her owners two years after thieves stole a truck she was sleeping in. üê∂‚Ä¶ https://t.co/CzeVkauFSx,2018-07-26 17:01:06+00:00,-0.5106,0.0,0.858,0.142
103,BBC,"Tonight, a team of inventors attempt to change the lives of three inspiring people with very different problems. üí°‚Ä¶ https://t.co/L7yN0qkCNz",2018-07-26 18:02:07+00:00,-0.046,0.123,0.746,0.131
104,BBC,"After being abused on dating apps for having HIV, Joe has turned to art to help combat the stigma. 
(via @BBCThree) https://t.co/b6mar28jBl",2018-07-26 19:02:05+00:00,-0.4588,0.099,0.693,0.208
105,BBC,üíî @BoyGeorge discovers that in 1919 his grandmother was found wandering the streets alone as a 6 year old child.‚Ä¶ https://t.co/CmyXz2oGYr,2018-07-27 07:01:03+00:00,-0.25,0.0,0.895,0.105
106,BBC,‚ù§Ô∏èüìù A teenager who attached uplifting messages to a bridge to help people facing a mental health crisis has helped‚Ä¶ https://t.co/gGO3mXQkkd,2018-07-27 07:26:02+00:00,-0.34,0.118,0.702,0.18
107,BBC,üòÇ A Scottish three year old's take on the summer holidays. https://t.co/SaCbnnlnUm,2018-07-27 08:00:16+00:00,0.3818,0.224,0.776,0.0
108,BBC,RT @bbccomedy: British or American Stand-up? ü§îüá¨üáßüá∫üá∏ https://t.co/HBxD8YmCSZ,2018-07-27 09:38:09+00:00,0.0,0.0,1.0,0.0
109,BBC,"üëÄüåù Skywatchers will be treated to the longest ""blood moon"" eclipse of the century tonight, with the totality period‚Ä¶ https://t.co/w1Eoi6fA9R",2018-07-27 09:51:01+00:00,0.0,0.0,1.0,0.0
110,BBC,"üî¨ From 'the God particle' to our ability to observe gravitational waves, here are 7 extraordinary things science ha‚Ä¶ https://t.co/j4tgSCx3vl",2018-07-27 11:02:04+00:00,0.5267,0.216,0.784,0.0
111,BBC,‚õ∑üê∂ This is one way to keep dogs cool in the heat! https://t.co/ObXmR8febC,2018-07-27 12:00:18+00:00,0.3802,0.178,0.822,0.0
112,BBC,RT @BBCClick: The @BBCProms projection show at the Royal Albert Hall had lights so strong that planes were told not to fly over it! https:/‚Ä¶,2018-07-27 12:14:56+00:00,0.674,0.159,0.841,0.0
113,BBC,üò≥ This man wants people to stop pretending to have sex with his hedge. https://t.co/VbuY1xtbQ1,2018-07-27 12:24:44+00:00,-0.2023,0.09,0.769,0.141
114,BBC,"RT @BBCEarth: Just a seal getting a good tummy-rub from a diver, no biggie üòç

#OurBluePlanet with @Sealdiver https://t.co/L8yAINvPdJ",2018-07-27 12:50:53+00:00,0.1779,0.16,0.718,0.122
115,BBC,"üëÉüíê How teenage perfumes smell to you - an actual adult.
üëâ https://t.co/PCRmoujpVJ https://t.co/P0tmdqfbUC",2018-07-27 13:01:03+00:00,0.0,0.0,1.0,0.0
116,BBC,"üëÄ Who's excited to see the #BloodMoon tonight? 
#LunarEclipse https://t.co/jhx3zLDOTS",2018-07-27 15:16:01+00:00,0.34,0.231,0.769,0.0
117,BBC,When your boss is looking for you but it's after 5pm... üëã #FridayFeeling https://t.co/J3NZSVi7jj,2018-07-27 15:59:00+00:00,0.0,0.0,1.0,0.0
118,BBC,üéÖüéÑüòÇ Too soon? https://t.co/L368bWE3t5,2018-07-27 17:02:03+00:00,0.0,0.0,1.0,0.0
119,BBC,RT @bbcpress: Stellar cast and creative team unveiled for @BBCOne adaptation of @PhilipPullman's #HisDarkMaterials: https://t.co/4Bm3OIaXCH‚Ä¶,2018-07-27 17:47:28+00:00,0.4404,0.172,0.828,0.0
120,BBC,A pair of beavers are being released into the Forest of Dean with the hope they'll help prevent flooding in the are‚Ä¶ https://t.co/wD23PTQUPg,2018-07-27 18:01:08+00:00,0.6908,0.261,0.739,0.0
121,BBC,üê∂ Hearing dogs can save a life. https://t.co/bTcvuvGYJt,2018-07-28 07:05:02+00:00,0.4939,0.39,0.61,0.0
122,BBC,üõå Namastay in bed! https://t.co/s2J2Uf4U99,2018-07-28 08:02:06+00:00,0.0,0.0,1.0,0.0
123,BBC,"üìöüåç With classic and contemporary choices perfectly matched to destinations all over the world, here's your ultimate‚Ä¶ https://t.co/fsadf3W3rU",2018-07-28 09:03:03+00:00,0.6369,0.198,0.802,0.0
124,BBC,Need to clean your headphone socket? Check out this #TechHack. https://t.co/RDtpHt03ZX,2018-07-28 10:05:04+00:00,0.4019,0.213,0.787,0.0
125,BBC,"RT @BBCWorld: Simply stunning!

The longest #BloodMoon eclipse of the 21st Century as seen around the world

https://t.co/aHwGkVc3OP https:‚Ä¶",2018-07-28 10:46:22+00:00,0.4389,0.138,0.862,0.0
126,BBC,"üß† 'Damaging your brain might not kill you, but can change your behaviour.'

Five fascinating facts about the human‚Ä¶ https://t.co/XLoaV7C1uM",2018-07-28 11:03:04+00:00,0.7157,0.282,0.633,0.085
127,BBC,RT @BBCScienceNews: Climate change made heatwave 'twice as likely' https://t.co/FQqzyhbiK4,2018-07-28 12:02:08+00:00,0.0,0.0,1.0,0.0
128,BBC,"RT @bbcgetinspired: ""You can rise again, it's not as though one thing happens to you and that's the end of your story."" 

After being hit b‚Ä¶",2018-07-28 12:02:40+00:00,0.0,0.0,1.0,0.0
129,BBC,üìñü•™ A brief history of the humble sarnie. https://t.co/25GXnqIXZy,2018-07-28 13:02:06+00:00,0.0,0.0,1.0,0.0
130,BBC,üêæ‚ù§Ô∏è Heaven really is a place on Earth... https://t.co/hCE7MqzF2P,2018-07-28 14:06:01+00:00,0.5106,0.32,0.68,0.0
131,BBC,"Branded and beaten: The children accused of witchcraft and murder.
üëâ https://t.co/0Lzx9wdLa1 https://t.co/Syvy5ca7QG",2018-07-28 15:04:06+00:00,-0.8658,0.0,0.481,0.519
132,BBC,"RT @BBCSport: Geraint Thomas just needs to roll over the line in Paris tomorrow to win the 2018 Tour de France.

He'll become the first Wel‚Ä¶",2018-07-28 15:30:28+00:00,0.5859,0.132,0.868,0.0
133,BBC,"RT @bbcideas: Gin and tonic, the perfect pair. So, how did they come together? ü§î

More Edible Histories üé•: https://t.co/8nH3A1rqFP https://‚Ä¶",2018-07-28 15:31:04+00:00,0.5719,0.163,0.837,0.0
134,BBC,"Are you sure you don‚Äôt gender-stereotype children?
#NoMoreBoysAndGirls https://t.co/iThZ2P6REW",2018-07-28 16:03:06+00:00,0.3182,0.223,0.777,0.0
135,CBS,"Housewives. PTA moms. School volunteers. Starting TONIGHT, hear the stories of seemingly innocent women who put it‚Ä¶ https://t.co/5TA15OiTuh",2018-07-28 16:43:56+00:00,0.34,0.124,0.876,0.0
136,BBC,"'Doesn't matter what's written on the packet, wet wipes do not disintegrate.'
#TheFiveBillionPoundSuperSewer https://t.co/Ja9nBFnr6b",2018-07-28 17:03:00+00:00,-0.0191,0.0,0.924,0.076
137,BBC,üòÇ Genius https://t.co/nqWGYEEBy4,2018-07-28 18:07:05+00:00,0.0,0.0,1.0,0.0
138,BBC,RT @BBCTwo: Ever wondered how toilets are made? We're going #InsideTheFactory... üöΩüòÑ https://t.co/lgFuM6ER2p,2018-07-28 18:12:24+00:00,0.0,0.0,1.0,0.0
139,BBC,The shocking story of a young man who shot his parents. https://t.co/6O1qzsiKAk,2018-07-28 20:02:03+00:00,-0.4019,0.0,0.787,0.213
140,BBC,"RT @BBCOne: These seadragons are dancing together in a courtship ritual - and it's absolutely beautiful.

The complete series of Life is av‚Ä¶",2018-07-28 20:29:40+00:00,0.6361,0.173,0.827,0.0
141,BBC,"Stand-up comedy from Stewart Lee, recorded live from the Palace Theatre, Southend-on-Sea. 

Stewart Lee Content Pro‚Ä¶ https://t.co/VCNnbkhi7J",2018-07-28 20:45:06+00:00,0.3612,0.135,0.865,0.0
142,BBC,"Two tiger brothers enjoy their first swimming lesson. üêØüí¶ #InternationalTigerDay

https://t.co/QNRnmqTcK5",2018-07-29 07:01:03+00:00,0.4939,0.242,0.758,0.0
143,BBC,"üò• An endangered red squirrel has died after becoming trapped inside a discarded plastic jar.
üëâ‚Ä¶ https://t.co/19IZCDeWBZ",2018-07-29 08:01:07+00:00,-0.8555,0.0,0.561,0.439
144,BBC,"üòÇ With 37 Facebook likes and the world's most convoluted chant, the CNCSC is a force to be reckoned with.‚Ä¶ https://t.co/7wQhKjH26j",2018-07-29 09:03:08+00:00,0.4215,0.135,0.865,0.0
145,BBC,"Researchers have found evidence of an existing body of liquid water on Mars.
üëâ https://t.co/cmykUjdfxy https://t.co/d4FhfFj5Sr",2018-07-29 10:12:02+00:00,0.0,0.0,1.0,0.0
146,BBC,"What is #ThinPrivilege and who has it?
üëâ https://t.co/Ocbj6tAabk https://t.co/HMapWPvJt1",2018-07-29 11:01:05+00:00,0.0,0.0,1.0,0.0
147,BBC,"RT @BBCFood: Get the whole family making jaffa cakes this weekend üëá
https://t.co/8R0azXouDH https://t.co/xEC8aeQGs0",2018-07-29 11:21:30+00:00,0.0,0.0,1.0,0.0
148,BBC,This teenager was banned from performing in drag at his school's end-of-year talent show. https://t.co/Hi6uXtSAFz,2018-07-29 13:01:07+00:00,-0.2732,0.142,0.609,0.249
149,BBC,"RT @bbcgetinspired: Sam Maycock is fulfilling his dad Nigel's dream by taking on the 100-mile route in #RideLondon.

Nigel died in October‚Ä¶",2018-07-29 13:18:07+00:00,-0.3818,0.078,0.781,0.141
150,BBC,"RT @BBCSportWales: It's a matter of hours until Geraint Thomas is crowned as the first Welshman to win the Tour de France

üëâ Here's how he‚Ä¶",2018-07-29 13:20:07+00:00,0.5994,0.182,0.818,0.0
151,BBC,Follow live coverage as 150 of the world's best cyclists compete on 200km of closed roads in London and Surrey. üö¥üö¥üö¥‚Ä¶ https://t.co/it0KrVzqqu,2018-07-29 14:01:05+00:00,0.6369,0.167,0.833,0.0
152,BBC,üòÇüì∫üá¶üá± Here‚Äôs what happened when @RomeshRanga went on Albanian TV. https://t.co/WQ8kMjSFco,2018-07-29 15:03:02+00:00,0.0,0.0,1.0,0.0
153,BBC,"üòÄ‚ô•Ô∏è Four-year-old Daniel and 91-year-old Stuart, who has dementia, have struck up an unlikely friendship. https://t.co/DVpVhIssTc",2018-07-29 16:06:01+00:00,0.2263,0.153,0.741,0.106
154,BBC,üòÇ A Scottish three year old's take on the summer holidays. https://t.co/SaCbnnlnUm,2018-07-29 17:03:03+00:00,0.3818,0.224,0.776,0.0
155,BBC,"RT @BBCSport: Geraint Thomas has done it! üëèüè¥Û†ÅßÛ†Å¢Û†Å∑Û†Å¨Û†Å≥Û†Åø

He's become the first ever Welshman to win the Tour de France üëâ https://t.co/ZtkRdPtGio‚Ä¶",2018-07-29 17:29:30+00:00,0.6239,0.17,0.83,0.0
156,BBC,"üá∫üá∏ @edballs travels to America's Deep South to immerse himself in the lives of those who put Trump in power, and le‚Ä¶ https://t.co/2oLWounf1y",2018-07-29 19:02:05+00:00,0.0,0.0,1.0,0.0
157,BBC,Stacey Dooley meets a Roma girl who turned to prostitution after she was removed from her parents at 13. https://t.co/I7opQRZ6Z2,2018-07-29 20:03:05+00:00,0.0,0.0,1.0,0.0
158,BBC,RT @bbcarts: Tsundoku: The art of buying books and never reading them https://t.co/nzmym0Gtsh,2018-07-29 20:26:13+00:00,0.0,0.0,1.0,0.0
159,BBC,"The pika might just be the world's cutest thief!
#AnimalsBehavingBadly https://t.co/v8dSKoVYgD",2018-07-30 07:01:05+00:00,0.1759,0.248,0.546,0.206
160,BBC,"üêà Our cats may purr when we pet them, but it‚Äôs a much more complicated form of communication than we've assumed.
üëâ‚Ä¶ https://t.co/vz6MdvigWx",2018-07-30 07:27:06+00:00,0.0,0.0,1.0,0.0
161,BBC,"Now this is an impressive line-up!

Gemma Arterton, Catherine Tate, @Gemma_Chan1, @emiliaclarke, @IAMLenaHeadey and‚Ä¶ https://t.co/D5rDJJ7dyC",2018-07-30 08:13:57+00:00,0.5562,0.204,0.796,0.0
162,BBC,‚ù§Ô∏è The reaction when this little girl showed her school friends her new sports blade gives us all the feels.‚Ä¶ https://t.co/zp4vrauXes,2018-07-30 09:00:15+00:00,0.4767,0.134,0.866,0.0
163,BBC,"Why Americans will be able to 3D print their own guns from August.

https://t.co/8NR7qFaEZY",2018-07-30 11:03:01+00:00,0.0,0.0,1.0,0.0
164,BBC,"RT @BBCRadio4: BLOOPERS! 
@ProfBrianCox can't tell his hominins from his hominids. Or possibly the other way around.
Much more Monkey Cage‚Ä¶",2018-07-30 11:56:23+00:00,0.0,0.0,1.0,0.0
165,BBC,üê™üöÅ When a sheepdog doesn't quite cut it... https://t.co/l5vk7oKBop,2018-07-30 12:01:06+00:00,0.2572,0.225,0.775,0.0
166,BBC,"A polar bear has been shot dead after it attacked a cruise ship guard on Norway's Svalbard archipelago, within the‚Ä¶ https://t.co/F3b9a4OlvV",2018-07-30 13:04:01+00:00,-0.8074,0.0,0.7,0.3
167,BBC,"üì∏ Photographs from around the world of Friday's #BloodMoon - the longest lunar eclipse of the 21st Century.
üëâ‚Ä¶ https://t.co/o8HGifFeRl",2018-07-30 14:03:08+00:00,0.0,0.0,1.0,0.0
168,BBC,"üê∂ Advertising toilet paper using puppies! How it all began... 
#InsideTheFactory https://t.co/gqYOv8YIq1",2018-07-30 16:03:04+00:00,0.0,0.0,1.0,0.0
169,BBC,"‚òîÔ∏è It turns out it's not just gratitude that makes rain smell so appealing after a long period of dry weather.

The‚Ä¶ https://t.co/OwSHy0HKnT",2018-07-30 17:03:05+00:00,-0.4023,0.0,0.886,0.114
170,BBC,What makes you resilient? https://t.co/cZS96s7bv0,2018-07-30 18:01:04+00:00,0.0,0.0,1.0,0.0
171,BBC,"For anyone who doesn't care about Love Island... 

https://t.co/e7axx5lyFk",2018-07-30 20:03:04+00:00,-0.7181,0.0,0.539,0.461
172,BBC,"'I've found random stuff like false teeth.' 

üåäüöØüëèThe diving group picking up litter in the North Sea. https://t.co/kI2MCEpguT",2018-07-31 07:00:08+00:00,0.4215,0.192,0.808,0.0
173,BBC,"Legal permission will no longer be required to end care for patients in a long-term permanent vegetative state, the‚Ä¶ https://t.co/GU2A0uc0mO",2018-07-31 07:28:06+00:00,0.3612,0.205,0.699,0.096
174,BBC,"Still without a home and unsure where to turn to next, the future is 'scary' for Kelly. https://t.co/PhwokveWSY",2018-07-31 08:02:04+00:00,0.1877,0.098,0.902,0.0
175,BBC,"Watch Leading Lady Parts on @BBCiPlayer üëâ https://t.co/cUPHKLfMfy

#LeadingLadyParts",2018-07-31 09:50:02+00:00,0.0,0.0,1.0,0.0
176,BBC,"An Australian family has been startled awake after a kangaroo crashed its way through a window in their home.
üëâ‚Ä¶ https://t.co/5YbVtCndEt",2018-07-31 11:07:35+00:00,-0.1779,0.0,0.914,0.086
177,BBC,"Tunnelling work is almost set to begin on London's new super sewer.
But before it can start, some very important th‚Ä¶ https://t.co/MNGD6aJkbt",2018-07-31 11:38:00+00:00,0.7178,0.231,0.769,0.0
178,BBC,"RT @BBCEarth: In formation üôå

Let's celebrate all the men and women protecting our planet's wildlife üòç
#WorldRangerDay https://t.co/LFQw4w8‚Ä¶",2018-07-31 11:41:04+00:00,0.5719,0.188,0.812,0.0
179,BBC,"Have you ever spotted hidden messages in the Harry Potter films?
#HappyBirthdayHarryPotter https://t.co/LQa8z7fVRz",2018-07-31 13:00:23+00:00,0.0,0.0,1.0,0.0
180,BBC,"Congratulations John! üéì A 95-year-old man has graduated from Oxford University, 76 years after he completed his deg‚Ä¶ https://t.co/Mjv2UU11be",2018-07-31 14:02:05+00:00,0.636,0.208,0.792,0.0
181,BBC,"RT @bbcmusic: ""Hopefully my little messages for train passengers will be a nice surprise and a reminder of the power of music as they go ab‚Ä¶",2018-07-31 15:19:43+00:00,0.765,0.266,0.734,0.0
182,BBC,"The Old Bridge in Mostar is one of Bosnia-Herzegovina's most famous landmarks. 

But does it connect or divide the‚Ä¶ https://t.co/lycdJ43HRh",2018-07-31 16:01:02+00:00,0.0,0.0,1.0,0.0
183,BBC,"RT @bbcwritersroom: Writer Debbie Horsfield's new @BBCOne drama #AgeBeforeBeauty begins tonight (Tue 31 July) at 9pm. 

We caught up with D‚Ä¶",2018-07-31 16:33:01+00:00,0.0,0.0,1.0,0.0
184,BBC,How Australia's first gay imam is 'saving lives'. https://t.co/u2QmgRGHCM,2018-07-31 18:02:06+00:00,0.0,0.0,1.0,0.0
185,BBC,"Drama series telling the story of a dysfunctional family, set within a family-run beauty salon.

Age Before Beauty‚Ä¶ https://t.co/axP5dYrHMA",2018-07-31 19:01:03+00:00,0.5859,0.192,0.808,0.0
186,BBC,"The story of a young girl's choice between Oxford and the university of life...

#AnEducation | 10pm | @BBCFour |‚Ä¶ https://t.co/TCSjXsn02B",2018-07-31 20:02:08+00:00,0.0,0.0,1.0,0.0
187,CBS,Celebrate #NationalAvocadoDay with @letsmakeadeal. ü•ë Relive this #LMAD moment when an avocado wins one amazing deal! https://t.co/QS8GLajWU5,2018-07-31 21:02:33+00:00,0.9098,0.469,0.531,0.0
188,BBC,"""Y'alright love?"" üòÇ This crow has a Yorkshire accent and it's the best thing you'll hear today. 

#YorkshireDay

https://t.co/3J8BQGiZM7",2018-08-01 07:02:06+00:00,0.6369,0.208,0.792,0.0
189,The New York Times,One Cambodian voter defaced his or her ballot with a lively reference to a dog‚Äôs anatomy. Others ticked every singl‚Ä¶ https://t.co/eJrY025AvH,2018-08-01 07:05:06+00:00,0.0258,0.128,0.749,0.123
190,The New York Times,RT @PekingMike: Important story on some pushback against Xi - must read. By ‚Å¶@ChuBailiang‚Å©  https://t.co/FRa3dyxP4Q,2018-08-01 07:18:06+00:00,0.2023,0.122,0.878,0.0
191,The New York Times,China‚Äôs Plan to Win Friends and Influence Includes Ski Slopes and Spas https://t.co/xK8ySAhcMY,2018-08-01 07:18:31+00:00,0.7845,0.385,0.615,0.0
192,BBC,A French student has spoken out after she was harassed by a man in a Paris street and then hit in the face when she‚Ä¶ https://t.co/65bcKXM3P1,2018-08-01 07:27:04+00:00,-0.5423,0.0,0.863,0.137
193,The New York Times,"""You started understanding the life of the people, how they lived, what they thought, who they loved"" https://t.co/D64VSN8vlm",2018-08-01 07:32:06+00:00,0.5994,0.187,0.813,0.0
194,The New York Times,RT @nytopinion: Exploiting my family by having my sister disown me on state television was by far Iran's most ferocious attempt to shame me‚Ä¶,2018-08-01 07:47:02+00:00,-0.7713,0.0,0.732,0.268
195,BBC,üç£üé£ How did we become hooked on sushi? https://t.co/M6UXeJq9DI,2018-08-01 08:01:06+00:00,0.0,0.0,1.0,0.0
196,The New York Times,"""Among everyone caught up in the #MeToo movement, only Mr. Moonves was so bold ‚Äî or so reckless ‚Äî as to start a civ‚Ä¶ https://t.co/C91XUrI0So",2018-08-01 08:02:02+00:00,0.0959,0.128,0.759,0.114
197,The New York Times,"RT @nytimesworld: ‚ÄúI don‚Äôt think the government realizes how bad the drought is,‚Äù one Australian cattle farmer said. ‚ÄúFarmers are past the‚Ä¶",2018-08-01 08:15:06+00:00,-0.5423,0.0,0.857,0.143
198,The New York Times,"""The touchpoint with ISIS is not by proximity to the caliphate but through the relationships they make online,"" sai‚Ä¶ https://t.co/VAwrV6KNpQ",2018-08-01 08:30:08+00:00,0.0,0.0,1.0,0.0
199,The New York Times,RT @nytimesworld: 3 Russian journalists who were investigating the activities of a private security company were killed in the Central Afri‚Ä¶,2018-08-01 08:46:05+00:00,-0.4767,0.1,0.711,0.188
200,The New York Times,"Police say a Connecticut man used dating apps to hunt women, including a nurse he met through Tinder who was murder‚Ä¶ https://t.co/lBWHxlaLq0",2018-08-01 09:00:05+00:00,0.0,0.0,1.0,0.0
201,The New York Times,Facebook said that it had identified a political influence campaign that was potentially built to disrupt the U.S.‚Ä¶ https://t.co/wuePI6gIjl,2018-08-01 09:15:08+00:00,0.0,0.0,1.0,0.0
202,BBC,"RT @bbcrb: We all know SOMEONE  who needs to do this! ü§∞üòàüòÇ
@UltraBabyFace https://t.co/zfjN3xA20m",2018-08-01 09:20:00+00:00,0.0,0.0,1.0,0.0
203,BBC,RT @BBCLeeds: What if animals spoke in a Yorkshire accent? Happy #YorkshireDay! https://t.co/ELm4ot3sQp,2018-08-01 09:20:33+00:00,0.6114,0.266,0.734,0.0
204,The New York Times,The second-largest number of votes in Cambodia's general election went to a surprising beneficiary: no one https://t.co/jqco30UHC4,2018-08-01 09:32:05+00:00,0.5106,0.314,0.58,0.106
205,The New York Times,One construction firm used China's Belt and Road plan to justify a deal to build an amusement park in an Indonesian‚Ä¶ https://t.co/kfqohSMqPG,2018-08-01 09:45:05+00:00,0.3612,0.111,0.889,0.0
206,The New York Times,Morning¬†Briefing: Here's what you need to know to start your day https://t.co/q0Y7ThSrbe https://t.co/hlUo4wgDYx,2018-08-01 10:00:09+00:00,0.0,0.0,1.0,0.0
207,The New York Times,"Taiwan has been chosen as the first Asian host for the Oslo Freedom Forum, an international human rights conference  https://t.co/XChjLbVQe2",2018-08-01 10:15:07+00:00,0.6369,0.181,0.819,0.0
208,The New York Times,"Tommy Robinson, the jailed British far-right activist who has gained the support of figures like Stephen Bannon, wa‚Ä¶ https://t.co/qTO1AlmNmq",2018-08-01 10:30:14+00:00,0.5574,0.3,0.577,0.123
209,The New York Times,"""The church is immersed in a deep crisis, and those who committed abuses against minors have to pay for those crime‚Ä¶ https://t.co/z34sqali0m",2018-08-01 10:40:06+00:00,-0.7906,0.074,0.603,0.323
210,The New York Times,"RT @amyvirshup: Separated children at Cayuga Centers took the city by surprise, but in fact, it had been making itself into the biggest fos‚Ä¶",2018-08-01 10:51:01+00:00,0.1406,0.063,0.937,0.0
211,BBC,"‚úàÔ∏è A woman, who fulfilled her air hostess mother's dream by piloting her final flight before retirement, says she f‚Ä¶ https://t.co/6E2KzoyCWY",2018-08-01 11:00:09+00:00,0.5859,0.211,0.789,0.0
212,The New York Times,"Sarah Hanson-Young, an Australian senator, filed a defamation suit against a fellow lawmaker who she says made a se‚Ä¶ https://t.co/T25tppuKo6",2018-08-01 11:01:07+00:00,0.0,0.0,1.0,0.0
213,The New York Times,Robert Mueller has referred 3 investigations into possible illicit foreign lobbying to federal prosecutors in New Y‚Ä¶ https://t.co/VQ1hkkwUwE,2018-08-01 11:11:05+00:00,-0.0772,0.0,0.925,0.075
214,The New York Times,Blueprints for making a variety of plastic guns on 3-D printers were scheduled to be posted online today. Here's a‚Ä¶ https://t.co/spieYYWSZC,2018-08-01 11:20:08+00:00,0.0,0.0,1.0,0.0
215,The New York Times,"""They are expanding everything,"" an arms control expert said about North Korea. ""And to be fair, they have never sa‚Ä¶ https://t.co/A0gVIHxCOF",2018-08-01 11:30:07+00:00,0.3182,0.103,0.897,0.0
216,The New York Times,"RT @nytopinion: Steven Mnuchin, the Treasury secretary, wants to give the superrich another huge tax break just months after Congress passe‚Ä¶",2018-08-01 11:44:04+00:00,0.4767,0.177,0.823,0.0
217,BBC,"RT @BBC6Music: üéß Which records are you still waiting to hear this year?

Here are 50 albums to look forward to during the rest of 2018 http‚Ä¶",2018-08-01 11:56:31+00:00,0.0,0.0,1.0,0.0
218,The New York Times,"Your daily @DealBook Briefing:

‚Ä¢ Facebook flags midterm meddling.

‚Ä¢ Apple sweats its way to $1 trillion.

‚Ä¢ Googl‚Ä¶ https://t.co/cLxoo92uGK",2018-08-01 12:00:14+00:00,0.0,0.0,1.0,0.0
219,BBC,"Today is #YorkshireDay! Why not celebrate by eating a full roast dinner wrapped in a Yorkshire pudding? üòçüçóü•ïü•î

https://t.co/D1H4QYO2g3",2018-08-01 12:02:03+00:00,-0.509,0.0,0.829,0.171
220,The New York Times,"After a record level of turnover in the Trump administration, Stephen Miller has succeeded in surrounding himself w‚Ä¶ https://t.co/hHX1naIkJR",2018-08-01 12:14:04+00:00,0.4215,0.141,0.859,0.0
221,The New York Times,Paul Manafort's trial on financial fraud charges opened on Tuesday with an effort by his defense team to deflect bl‚Ä¶ https://t.co/LVww9IfjgB,2018-08-01 12:30:09+00:00,-0.6597,0.059,0.709,0.232
222,The New York Times,The Justice Department is investigating claims that drug companies doing business in Iraq knew that the free medici‚Ä¶ https://t.co/Pd9GF3CFJA,2018-08-01 12:46:08+00:00,0.7717,0.283,0.717,0.0
223,The New York Times,Morning¬†Briefing: Here's what you need to know to start your day https://t.co/OqaZ6IEwi0 https://t.co/IuucSqpyG5,2018-08-01 13:00:10+00:00,0.0,0.0,1.0,0.0
224,BBC,"üé∂ 'A lower volume of music encourages healthier eating'

Seven ways in which melody seasons our meals. 
üëâ‚Ä¶ https://t.co/2lCCxlco7L",2018-08-01 13:00:29+00:00,0.1779,0.137,0.758,0.104
225,The New York Times,"RT @nytlizrobbins: Cayuga Centers transformed from a modest upstate NY program, one that was struggling to keep kids safe, to the largest p‚Ä¶",2018-08-01 13:15:06+00:00,0.0258,0.113,0.778,0.109
226,The New York Times,There were no signs of foul play when a pregnant bottlenose dolphin washed up in Mississippi. Then they found the b‚Ä¶ https://t.co/LwylbIyUc3,2018-08-01 13:30:08+00:00,0.0516,0.102,0.805,0.093
227,The New York Times,"""He uses it for every occasion ‚Äî it's like his 'aloha,'"" Stephen  Colbert poked fun at President Trump for how ofte‚Ä¶ https://t.co/oOIIjeilNC",2018-08-01 13:45:04+00:00,0.7003,0.234,0.766,0.0
228,The New York Times,A major Australian supermarket chain reversed its decision to ban single-use plastic bags after its customers compl‚Ä¶ https://t.co/NghMlHX3kj,2018-08-01 14:00:15+00:00,-0.5574,0.0,0.816,0.184
229,BBC,"A pest controller who discovered a nest with ""around 10-15,000"" wasps in a garage cupboard described his experience‚Ä¶ https://t.co/yNxDd1Uqx4",2018-08-01 14:03:04+00:00,0.0,0.0,1.0,0.0
230,The New York Times,RT @jessbidgood: Those police officers who quit over ill-fitting vests and old cruisers? There is a little more to the story. I went to Bla‚Ä¶,2018-08-01 14:15:09+00:00,0.0,0.0,1.0,0.0
231,The New York Times,Breaking News: President Trump called on Attorney General Jeff Sessions to end the special counsel investigation an‚Ä¶ https://t.co/VnBmYgiEZT,2018-08-01 14:32:06+00:00,0.4019,0.137,0.863,0.0
232,The New York Times,"RT @NYTScience: The Fields Medal, bestowed every four years to mathematicians 40 years or younger, is often described as the subject‚Äôs Nobe‚Ä¶",2018-08-01 14:45:10+00:00,0.4767,0.129,0.871,0.0
233,The New York Times,A new app lets you pay celebrities to... just say stuff https://t.co/Ayq0prHiPt,2018-08-01 15:00:07+00:00,-0.1027,0.0,0.877,0.123
234,The New York Times,If this hearty quinoa and white bean soup recipe proves anything it is: Soup doesn't have to be loaded with meat to‚Ä¶ https://t.co/hULMJ2xXmQ,2018-08-01 15:15:11+00:00,0.0,0.0,1.0,0.0
235,The New York Times,"RT @NYTmag: Thirty years ago, we almost saved the planet. This is the story of how we failed. https://t.co/EglEQFwHPu https://t.co/WBtopm5p‚Ä¶",2018-08-01 15:30:08+00:00,-0.2006,0.105,0.756,0.139
236,The New York Times,"Cody Wilson has been called one of the world's ""most dangerous people."" For more than 5 years, he has pushed to pub‚Ä¶ https://t.co/yrvNbmOx5T",2018-08-01 15:45:09+00:00,-0.5256,0.0,0.861,0.139
237,The New York Times,"Accusations of harassment, bullying and editorial interference are roiling Billboard, just as the the whole industr‚Ä¶ https://t.co/xqpmwYM5h1",2018-08-01 16:00:07+00:00,-0.8658,0.0,0.591,0.409
238,BBC,üìñüëÄ The boy who has written a book with his eyes. https://t.co/j7TmFadeQk,2018-08-01 16:02:02+00:00,0.0,0.0,1.0,0.0
239,The New York Times,A reporter was surprised to learn that her New York Times article was censored in Qatar. Here's what happened. https://t.co/2v7fw2bxuT,2018-08-01 16:15:08+00:00,0.0772,0.093,0.829,0.078
240,The New York Times,Candidates in this year‚Äôs midterm elections have a new tool in their campaign arsenal: mass-texts sent directly to‚Ä¶ https://t.co/Y7kmXGhrJB,2018-08-01 16:30:06+00:00,0.0,0.0,1.0,0.0
241,The New York Times,"RT @liamstack: Even with Trump in the White House, many in the Green Party squint to see the difference between Democrats and Republicans.‚Ä¶",2018-08-01 16:45:09+00:00,0.4019,0.109,0.891,0.0
242,The New York Times,A company in Britain is using edgy funeral ads to open a conversation about death. But some say the campaign goes t‚Ä¶ https://t.co/pTr7ovWQrS,2018-08-01 17:04:32+00:00,-0.7506,0.0,0.748,0.252
243,The New York Times,Alaska Airlines apologized this week after a flight attendant asked a gay man to give up his seat next to his partn‚Ä¶ https://t.co/1bUQ9QEcCW,2018-08-01 17:15:06+00:00,0.3182,0.103,0.897,0.0
244,The New York Times,Cat videos are so popular on the internet that they‚Äôve become universal shorthand for the internet itself. Or at le‚Ä¶ https://t.co/earLad6qf8,2018-08-01 17:22:21+00:00,0.5598,0.153,0.847,0.0
245,The New York Times,They represent chaos without consequence. Cats represent the internet as an apolitical playground where crazy stuff‚Ä¶ https://t.co/EP99xEwolm,2018-08-01 17:48:14+00:00,-0.7269,0.0,0.711,0.289
246,The New York Times,But lately? We‚Äôre seeing more and more dogs on the internet. And this tells us something about how the internet its‚Ä¶ https://t.co/OOUSVH5doy,2018-08-01 17:51:02+00:00,0.0,0.0,1.0,0.0
247,The New York Times,Dogs can be dressed up and made to perform for their audiences in a way that cats just won‚Äôt. Maybe it‚Äôs not a surp‚Ä¶ https://t.co/yIk9zPpcfO,2018-08-01 17:54:34+00:00,0.0,0.0,1.0,0.0
248,The New York Times,"So, dogs or cats? Who owns the internet? Let us know in the comments: https://t.co/V1J3aSNPgv",2018-08-01 17:57:16+00:00,0.0,0.0,1.0,0.0
249,The New York Times,Those green swirling masses you see on the beach? They're not algae. They're green worms. https://t.co/9Y1RvzF8Mr,2018-08-01 18:00:09+00:00,0.0,0.0,1.0,0.0
250,BBC,Three things you might not know about domestic abuse. https://t.co/toqVr31d23,2018-08-01 18:01:06+00:00,-0.6369,0.0,0.682,0.318
251,The New York Times,"When the Trump administration announced a citizenship question would appear on the 2020 census, it was met with con‚Ä¶ https://t.co/OnpKPNHT5H",2018-08-01 18:15:09+00:00,0.0,0.0,1.0,0.0
252,Fox News,".@ChrisStirewalt on Obama not endorsing red state Dems: ""This is an arrogant thing to do...He should stand back and‚Ä¶ https://t.co/isOh1vvowX",2018-08-01 18:21:19+00:00,-0.4939,0.0,0.856,0.144
253,Fox News,"Mom given emergency C-section without anesthesia, lawsuit claims https://t.co/5ggPnriLzc",2018-08-01 18:26:39+00:00,-0.2344,0.148,0.621,0.231
254,The New York Times,The CEO of the world's largest steel maker says Trump's tariffs have led to his company's best performance since 20‚Ä¶ https://t.co/lHXEFeNQFn,2018-08-01 18:30:16+00:00,0.6369,0.174,0.826,0.0
255,Fox News,"""I just got tired of how broken Washington is. You know, my view from 18,000 feet over Syria, Iraq and Afghanistan‚Ä¶ https://t.co/b0ZEFqMYRH",2018-08-01 18:36:12+00:00,-0.7184,0.0,0.769,0.231
256,Fox News,State pension deficits - as of fiscal year 2016. https://t.co/l0B5tsW2Xx,2018-08-01 18:37:53+00:00,0.0,0.0,1.0,0.0
257,Fox News,President @realDonaldTrump is set to propose a 25-percent tariff on $200 billion of imported Chinese goods;‚Ä¶ https://t.co/YzcySKD4gd,2018-08-01 18:39:50+00:00,0.0,0.0,1.0,0.0
258,The New York Times,Barack Obama just endorsed 81 Democrats running in the 2018 elections. Many were longtime Obama loyalists. Most of‚Ä¶ https://t.co/gmJuUYvO17,2018-08-01 18:45:08+00:00,0.4767,0.194,0.806,0.0
259,Fox News,".@AriFleischer on the economy: ""Inflation, unless it's rampant, doesn't hurt you as much as if your wages are not g‚Ä¶ https://t.co/RItY1SsoAG",2018-08-01 18:46:31+00:00,0.4168,0.122,0.878,0.0
260,The New York Times,"Thieves stole three royal treasures from a cathedral in Sweden, smashing open a display case and escaping on a spee‚Ä¶ https://t.co/itFyagQtbO",2018-08-01 19:00:09+00:00,-0.0772,0.179,0.673,0.148
261,Fox News,Minnesota speeders' bizarre excuses include a 99 mph Taco Bell run https://t.co/mnOkwStcoc,2018-08-01 19:05:42+00:00,-0.3182,0.0,0.813,0.187
262,Fox News,"RT @FoxNewsResearch: #Trump Admin Unraveling #Obamacare:
‚Ä¢June:
‚ÄîDOJ no longer defending ACA in court
‚ÄîRule allows small biz, self-employed‚Ä¶",2018-08-01 19:11:40+00:00,-0.296,0.0,0.891,0.109
263,The New York Times,"What is QAnon? Well, do you remember Pizzagate? It's a little like that: a web of baseless conspiracy theories. https://t.co/vbTGVDJudb",2018-08-01 19:15:05+00:00,-0.1162,0.202,0.65,0.147
264,Fox News,JUST IN: Suspect identified in murder of George H.W. Bush's former doctor. https://t.co/Kw6T2RMplv,2018-08-01 19:16:21+00:00,-0.7845,0.0,0.615,0.385
265,Fox News,".@GOPChairwoman: ""People want President Trump's endorsement more than they want President Obama's."" #OutnumberedOT https://t.co/25iq3qFQHI",2018-08-01 19:23:31+00:00,0.4404,0.308,0.692,0.0
266,Fox News,A U.S. soldier salutes during a repatriation ceremony for the remains of U.S. soldiers killed in the Korean War and‚Ä¶ https://t.co/j5g6buF2Im,2018-08-01 19:27:36+00:00,-0.8555,0.0,0.669,0.331
267,The New York Times,"The Freemason groups of England and Wales addressed the status of transgender people for the first time, saying men‚Ä¶ https://t.co/C7HZktVBgN",2018-08-01 19:30:10+00:00,0.0,0.0,1.0,0.0
268,Fox News,"Former President @BarackObama endorses dozens of Dems, but snubs @Ocasio2018. (via @brookefoxnews) https://t.co/jvMelfeKcL",2018-08-01 19:35:15+00:00,-0.5346,0.101,0.653,0.246
269,The New York Times,"Why is the U.S. Embassy in London auctioning 1,200 rolls of toilet paper? We asked. They explained. https://t.co/SLGH5xEApJ",2018-08-01 19:45:05+00:00,0.0,0.0,1.0,0.0
270,Fox News,Ohio judge orders chatty defendant's mouth taped for sentencing https://t.co/pPQ28UeeBl,2018-08-01 19:45:35+00:00,-0.1531,0.0,0.849,0.151
271,Fox News,RT @ShepNewsTeam: We will be live for today‚Äôs @FoxNews Afternoon Update on Facebook Watch with the latest on missing college student Mollie‚Ä¶,2018-08-01 19:46:15+00:00,-0.296,0.0,0.905,0.095
272,Fox News,".@POTUS' 'sanctuary cities' executive order is unconstitutional, US appeals court rules. https://t.co/lGoKljwHzg",2018-08-01 19:46:28+00:00,0.0,0.0,1.0,0.0
273,Fox News,All 99 passengers and four crew members made it out alive from a plane crash in Mexico. @ShepNewsTeam‚Ä¶ https://t.co/2E85kv7pxP,2018-08-01 19:53:36+00:00,-0.0258,0.122,0.751,0.127
274,The New York Times,Google withdrew from China 8 years ago to protest the country's censorship and online hacking. Now the company is b‚Ä¶ https://t.co/vsNVoflKbA,2018-08-01 20:00:06+00:00,-0.25,0.0,0.905,0.095
275,Fox News,"Former waitress in Arizona returns $1,000 she stole from restaurant in 1990s https://t.co/sVa2wiyYxi",2018-08-01 20:03:00+00:00,0.0,0.0,1.0,0.0
276,Fox News,.@ShepNewsTeam is live with the 'Fox News Update' on Facebook Watch: https://t.co/584lSOl7Bz https://t.co/XzvTDwbCn0,2018-08-01 20:03:10+00:00,0.0,0.0,1.0,0.0
277,Fox News,'Calexit' supporters now want to give away nearly half of California to create an independent Native American natio‚Ä¶ https://t.co/6IY6QiTuBb,2018-08-01 20:04:42+00:00,0.6486,0.283,0.717,0.0
278,Fox News,RT @ShepNewsTeam: Shep is live on Facebook Watch: https://t.co/IWgmOPBXqm,2018-08-01 20:04:54+00:00,0.0,0.0,1.0,0.0
279,The New York Times,Cond√© Nast lost $120 million last year. Now the company plans to put 3 magazines up for sale. https://t.co/hId96CmLmG,2018-08-01 20:15:05+00:00,-0.3182,0.0,0.881,0.119
280,Fox News,"Iran planning Gulf 'swarm' drill involving 100 gun boats within days, US officials say. https://t.co/WOjhl3ckMN",2018-08-01 20:24:57+00:00,-0.34,0.0,0.854,0.146
281,The New York Times,The 5 largest quarterly stock buybacks on record now all belong to Apple https://t.co/NzFICM2WOJ,2018-08-01 20:30:10+00:00,0.0,0.0,1.0,0.0
282,Fox News,"On @AmericaNewsroom, @cvpayne celebrated positive economic news. https://t.co/Nn6FRWsrz5 https://t.co/cBSNPnsbtD",2018-08-01 20:33:49+00:00,0.8074,0.51,0.49,0.0
283,Fox News,"National ICE Council President Chris Crane: ""We are not going to let people like this scare us out of doing our job‚Ä¶ https://t.co/q9Bq2XNaBx",2018-08-01 20:43:19+00:00,-0.3071,0.092,0.771,0.138
284,The New York Times,"As much as they may loath President Trump, members of the Green Party say several issues ‚Äî including corporate dona‚Ä¶ https://t.co/diKy468Zbf",2018-08-01 20:45:05+00:00,0.4019,0.124,0.876,0.0
285,Fox News,Connecticut woman searches for stolen necklace that contains infant son's ashes: 'I feel incomplete' https://t.co/yBaF6XRTRn,2018-08-01 20:47:50+00:00,-0.4939,0.0,0.814,0.186
286,CNN,The Trump administration is considering increasing to 25% the rate of proposed tariffs on an additional $200 billio‚Ä¶ https://t.co/UapHHFFpeg,2018-08-01 20:48:38+00:00,0.0,0.0,1.0,0.0
287,Fox News,Trouble for Ted?: New TX Poll Shows Cruz Challenger Only 2 Points Down https://t.co/hA7W9gPiYC,2018-08-01 20:55:52+00:00,0.2577,0.271,0.574,0.155
288,CNN,Caesar's stock plunged as much as 24% on worries about Vegas hotel bookings https://t.co/sGBVAKD7lx https://t.co/e8Q47gbz7b,2018-08-01 21:00:08+00:00,-0.4215,0.0,0.833,0.167
289,The New York Times,"President Trump may raise tariffs on fish, handbags and other goods from China to 25%, not 10% as planned https://t.co/5XCtI5zXpz",2018-08-01 21:01:05+00:00,0.0,0.0,1.0,0.0
290,Fox News,Utah man claims McDonald's employee drugged his drink https://t.co/QQkYXNVuBH,2018-08-01 21:01:35+00:00,0.0,0.0,1.0,0.0
291,Fox News,JUST IN: Mueller responds to Trump attorneys' request for parameters of potential interview. https://t.co/UZoXz1kswk,2018-08-01 21:04:09+00:00,0.0,0.0,1.0,0.0
292,CNN,Tesla just reported that it lost more than $717 million in the second quarter -- the biggest quarterly loss in its‚Ä¶ https://t.co/I4XEUcnXBx,2018-08-01 21:04:31+00:00,-0.5574,0.0,0.813,0.187
293,CNN,"Livestreaming is a multibillion dollar industry in China, where the top streamers can make over $100,000 a month. W‚Ä¶ https://t.co/k58cmDAUvf",2018-08-01 21:08:09+00:00,0.2023,0.096,0.904,0.0
294,CNN,"Thousands of supporters gathered in Kinshasa, capital of the Democratic Republic of Congo, to welcome former warlor‚Ä¶ https://t.co/gIYCgkk09b",2018-08-01 21:10:09+00:00,0.7096,0.269,0.731,0.0
295,Fox News,"Great white shark attacks seal off Massachusetts coast as surfers scramble to shore, video shows. https://t.co/fmauRxH2Qg",2018-08-01 21:10:56+00:00,0.296,0.195,0.667,0.138
296,Fox News,Arizona town is building tiny homes for teachers who can't afford to live closer. https://t.co/vrFOn1xc4L,2018-08-01 21:16:00+00:00,0.0,0.0,1.0,0.0
297,The New York Times,"RT @rachelswarns: In mid-July, a group of Muslim children attending an Arabic literacy   program decided to swim at their local pool in Del‚Ä¶",2018-08-01 21:17:19+00:00,0.0,0.0,1.0,0.0
298,Fox News,".@JesseBWatters: ""Right now, Maxine Waters is the face of the Democratic Party, and that's frightening."" #TheFive https://t.co/pb51PxQwbU",2018-08-01 21:20:40+00:00,0.4019,0.144,0.856,0.0
299,CNN,A man whose mother died during surgery 20 years ago is the suspect in the fatal shooting of a prominent Houston car‚Ä¶ https://t.co/TZ34zMXDn5,2018-08-01 21:23:37+00:00,-0.7906,0.08,0.594,0.325
300,Fox News,"Mollie Tibbetts' boyfriend, brothers, father urge witnesses to 'come forward' in exclusive interviews. https://t.co/GfsOO3kvkA",2018-08-01 21:28:46+00:00,0.128,0.103,0.897,0.0
301,CNN,Justice Ginsburg: The 'liberal lion' we need right now | By Brenda Feigen via @CNNOpinion https://t.co/cIdbCOCCOs https://t.co/roLLpkshfS,2018-08-01 21:29:45+00:00,0.5267,0.185,0.815,0.0
302,The New York Times,"1931: Black residents are required to submit ‚Äúhealth certificates‚Äù to enter a Pittsburgh pool
1949: 50 black swimme‚Ä¶ https://t.co/4kugwcH73z",2018-08-01 21:32:06+00:00,0.0,0.0,1.0,0.0
303,Fox News,Philippine government crushes dozens of luxury cars worth millions. https://t.co/oOgA6zD8H1,2018-08-01 21:36:00+00:00,-0.25,0.148,0.625,0.227
304,CNN,Two women were found unresponsive in a car along with the likely culprit -- four coolers of dry ice -- Friday morni‚Ä¶ https://t.co/UssOcJzUdN,2018-08-01 21:41:04+00:00,0.0,0.0,1.0,0.0
305,Fox News,.@SenGillibrand fires back at George Soros over her calls for Franken to resign. https://t.co/3HlNb9v472,2018-08-01 21:42:00+00:00,-0.34,0.0,0.844,0.156
306,CNN,RT @CNNSitRoom: President Trump tweets that Sessions should stop the Mueller investigation ‚Äúright now‚Äù. Is that an obstruction of justice?‚Ä¶,2018-08-01 21:43:17+00:00,-0.296,0.0,0.896,0.104
307,The New York Times,You‚Äôre not the only one avoiding the subway in NYC. Ridership has dropped for the second year in a row as New Yorke‚Ä¶ https://t.co/k2AW2zpDES,2018-08-01 21:47:07+00:00,-0.34,0.0,0.902,0.098
308,Fox News,"Massachusetts woman enraged by Trump bumper sticker intentionally rammed into car, police say. https://t.co/DPZYLxWLgq",2018-08-01 21:51:04+00:00,-0.4019,0.0,0.828,0.172
309,CNN,The acting chief of the EPA Andrew Wheeler starts a new relationship between Capitol Hill and his agency‚Ä¶ https://t.co/XOBBqQuv4Z,2018-08-01 21:51:09+00:00,0.0,0.0,1.0,0.0
310,Fox News,"INCREDIBLE: This pizza delivery guy stunned a family when he asked to play their piano. Little did they know, 18-ye‚Ä¶ https://t.co/E7eiCfqVAn",2018-08-01 21:56:54+00:00,0.25,0.11,0.826,0.064
311,CNN,Republican senators say President Trump can't ask Attorney General Jeff Sessions to end the Mueller probe‚Ä¶ https://t.co/7oVVoEGaDO,2018-08-01 22:01:12+00:00,0.0,0.0,1.0,0.0
312,The New York Times,"The Fields Medal, bestowed every four years to mathematicians 40 years or younger, is often described as the subjec‚Ä¶ https://t.co/FM38RI537y",2018-08-01 22:02:06+00:00,0.4767,0.14,0.86,0.0
313,CNN,New cluster of Ebola virus cases detected in the Democratic Republic of Congo a week after the government declared‚Ä¶ https://t.co/jtp0cFNFCK,2018-08-01 22:06:19+00:00,0.0,0.0,1.0,0.0
314,CNN,"House Speaker Paul Ryan finds out that he's part Jewish on PBS' show ""Finding Your Roots"" https://t.co/NuZZ2wTWmD https://t.co/pqTSeDxZnP",2018-08-01 22:11:06+00:00,0.0,0.0,1.0,0.0
315,Fox News,Twitter CEO gets why conservatives are suspicious of Big Tech https://t.co/5I4dIldr6R,2018-08-01 22:12:18+00:00,-0.3612,0.0,0.8,0.2
316,Fox News,Mueller responds to Trump attorneys' request for parameters of potential interview; @johnrobertsFox reports.‚Ä¶ https://t.co/dRjSUyHNjV,2018-08-01 22:14:20+00:00,0.0,0.0,1.0,0.0
317,The New York Times,"RT @nytgraphics: The financial fraud trial of Paul Manafort, Donald J. Trump‚Äôs former campaign manager, opened on Tuesday. Here‚Äôs how he is‚Ä¶",2018-08-01 22:17:16+00:00,-0.5859,0.0,0.847,0.153
318,CNN,"A Nazi flag was spotted flying in a public park in Laramie, Wyoming https://t.co/TsKy8ARPAj https://t.co/tXkQ4xY8oU",2018-08-01 22:21:07+00:00,0.0,0.0,1.0,0.0
319,Fox News,The Iranian economy is faltering under U.S. pressure; @RichEdsonDC reports. #SpecialReport https://t.co/uA7FHq4VRN https://t.co/4zKFZYGEhB,2018-08-01 22:25:07+00:00,-0.296,0.0,0.845,0.155
320,CNN,"LIVE NOW: Anderson Cooper Full Circle, a daily interactive news show airing on Facebook Watch‚Ä¶ https://t.co/FXNs6LReU2",2018-08-01 22:27:43+00:00,0.0,0.0,1.0,0.0
321,Fox News,"Dan Springer: ""Among the 55 containers of remains there is just one dog tag and that concerns some people. But we'r‚Ä¶ https://t.co/lp94dBM3fB",2018-08-01 22:28:05+00:00,0.0,0.0,1.0,0.0
322,CNN,"RT @AC360: ""They're using kids as a weapon ... all they wanted to do was get back to their mom"" - Senator @amyklobuchar on family separatio‚Ä¶",2018-08-01 22:28:15+00:00,-0.296,0.0,0.913,0.087
323,CNN,A woman says a supermarket called police on her while she was helping a homeless man https://t.co/WyYIq7CEoO https://t.co/GaGWrL9y0M,2018-08-01 22:28:51+00:00,0.296,0.136,0.864,0.0
324,CNN,RT @CNNSitRoom: CNN Exclusive: The TSA is considering eliminating passenger screening at smaller airports https://t.co/KzmLbrT88e https://t‚Ä¶,2018-08-01 22:29:15+00:00,0.128,0.091,0.909,0.0
325,The New York Times,"Roughly three-dozen firefighters were searching for any remnants of their fallen colleague, Jeremy Stoke ‚Äî a badge,‚Ä¶ https://t.co/927x2dd3kh",2018-08-01 22:32:11+00:00,-0.3612,0.0,0.857,0.143
326,Fox News,".@GillianHTurner: ""The Trump administration green-lighted a plan [Wednesday] that allows health insurers to offer c‚Ä¶ https://t.co/WHDEjXrCER",2018-08-01 22:33:30+00:00,0.0,0.0,1.0,0.0
327,Fox News,"Pet pig scares off would-be robbers at Indiana home, police say https://t.co/MlcUjnL3Vy",2018-08-01 22:35:41+00:00,-0.34,0.0,0.821,0.179
328,Fox News,Ohio State coach Urban Meyer put on leave amid abuse probe of fired assistant https://t.co/15uwFy4l62,2018-08-01 22:39:18+00:00,-0.8402,0.0,0.571,0.429
329,CNN,White House press secretary Sarah Sanders falsely blamed journalists for thwarting US spying on Osama bin Laden jus‚Ä¶ https://t.co/P1neYHn73u,2018-08-01 22:41:08+00:00,-0.5859,0.0,0.78,0.22
330,The New York Times,Evening Briefing: Here's what you need to know at the end of the day https://t.co/RSWRTKBwGD,2018-08-01 22:47:06+00:00,0.0,0.0,1.0,0.0
331,Fox News,".@jonathanvswan on firing Mueller: ""There's nothing stopping [@POTUS] from doing it except the fact that he knows f‚Ä¶ https://t.co/Na7oIFx0Ml",2018-08-01 22:48:12+00:00,-0.2396,0.069,0.816,0.115
332,The New York Times,"RT @NYTSports: Urban Meyer claimed to not know about the accusations, but a report suggests his wife did https://t.co/SkFNLBDl0x",2018-08-01 22:50:48+00:00,-0.1655,0.0,0.912,0.088
333,CNN,"LAPD officers had gone 13 years without killing a hostage or bystander while confronting armed suspects.

In the la‚Ä¶ https://t.co/KORV8SMSGC",2018-08-01 22:51:04+00:00,0.1321,0.15,0.68,0.17
334,Fox News,".@jonathanvswan on trade tensions with China: ""[@POTUS is] making a big gamble. His gamble is that he can break Pre‚Ä¶ https://t.co/lAu6FXvmx9",2018-08-01 22:57:37+00:00,-0.4019,0.0,0.876,0.124
335,The New York Times,Ohio State announced that Urban Meyer was being put on paid administrative leave while the university investigates‚Ä¶ https://t.co/BYv8qfSin8,2018-08-01 23:02:08+00:00,-0.0516,0.0,0.934,0.066
336,Fox News,"Mueller's office flags alleged illegal foreign lobbying involving Tony Podesta, Vin Weber, Greg Craig https://t.co/QTsYCSRjWg",2018-08-01 23:08:04+00:00,-0.5994,0.0,0.726,0.274
337,Fox News,The @dodpaa hosts an honorable carry ceremony at @JointBasePHH. The flag-draped transfer cases being carried in the‚Ä¶ https://t.co/okdgKVIhRW,2018-08-01 23:11:21+00:00,0.5423,0.171,0.829,0.0
338,Fox News,Twitter CEO says he gets why conservatives are suspicious of Big Tech. https://t.co/x8yk4Ah7fB,2018-08-01 23:13:00+00:00,-0.3612,0.0,0.828,0.172
339,CNN,"Han Solo's jacket -- the one worn by Harrison Ford in the Star Wars Film ""The Empire Strikes Back"" -- could fetch o‚Ä¶ https://t.co/A6q9XwDKrK",2018-08-01 23:13:15+00:00,-0.8074,0.0,0.717,0.283
340,CNN,RT @CNNSitRoom: Rep. Stewart on the Paul Manafort trial: ‚ÄúI think it‚Äôs quite unusual for a person who‚Äôs accused of white collar crime to be‚Ä¶,2018-08-01 23:14:53+00:00,-0.6908,0.0,0.794,0.206
341,CNN,Among the attendees of President Trump's rally in Florida were people holding up signs promoting an online right-wi‚Ä¶ https://t.co/fSO4SkT6mK,2018-08-01 23:16:08+00:00,0.3612,0.122,0.878,0.0
342,The New York Times,"RT @jakesilverstein: This weekend‚Äôs @NYTmag is devoted to one story, by @NathanielRich, about a crucial decade in the history of climate ch‚Ä¶",2018-08-01 23:17:03+00:00,0.4019,0.119,0.881,0.0
343,CNN,President Trump's attorney Rudy Giuliani says his team received a response from special counsel Robert Mueller on a‚Ä¶ https://t.co/fIO0HD5fiO,2018-08-01 23:19:10+00:00,0.4019,0.137,0.863,0.0
344,Fox News,.@VP makes remarks as @dodpaa hosts an honorable carry ceremony at @JointBasePHH. The flag-draped transfer cases be‚Ä¶ https://t.co/D84WrPAV2C,2018-08-01 23:20:15+00:00,0.5423,0.171,0.829,0.0
345,Fox News,"Democratic Socialist U.S. House candidate Sarah Smith: ""Single-payer systems save money."" #TheStory https://t.co/Zc1wZNOpF6",2018-08-01 23:25:57+00:00,0.4939,0.211,0.789,0.0
346,Fox News,".@VP Pence: ""Some have called the Korean War 'The Forgotten War,' but today we prove these heroes were never forgot‚Ä¶ https://t.co/EiAbdUPEpP",2018-08-01 23:26:50+00:00,0.3716,0.169,0.683,0.148
347,Fox News,".@VP Pence: ""Our work will not be complete until all our fallen heroes are accounted for and home."" https://t.co/UvCasaKfDy",2018-08-01 23:29:22+00:00,0.2023,0.145,0.746,0.11
348,The New York Times,"‚ÄúGod, come to our aid‚Äù: Survivors of the Aeromexico flight that crashed tell their stories https://t.co/nks8AwsKxe",2018-08-01 23:32:04+00:00,0.0,0.0,1.0,0.0
349,Fox News,".@VP Pence: ""We will never stop striving until every hero lost in the Korean War is home."" https://t.co/Suudj3gA07",2018-08-01 23:38:19+00:00,-0.1808,0.214,0.545,0.241
350,Fox News,Flag-draped transfer cases are escorted off the plane during the honorable carry ceremony at @JointBasePHH. The tra‚Ä¶ https://t.co/jmrqmobs4B,2018-08-01 23:38:24+00:00,0.5423,0.171,0.829,0.0
351,CNN,"Kroger is launching ""Kroger Ship,"" a direct home delivery service, in four cities: Cincinnati, Houston, Louisville,‚Ä¶ https://t.co/CDDaqFkDY8",2018-08-01 23:43:35+00:00,0.0,0.0,1.0,0.0
352,CNN,Watch $5.5 million worth of luxury cars get smashed as Philippines President Rodrigo Duterte cracks down on smuggli‚Ä¶ https://t.co/Ed4FPtMfTJ,2018-08-01 23:45:05+00:00,0.2263,0.095,0.905,0.0
353,Fox News,Mueller prosecutors rebuked repeatedly by trial judge with a history of colorful rulings. https://t.co/1uoPzQVQBz,2018-08-01 23:46:49+00:00,0.0,0.0,1.0,0.0
354,The New York Times,Democratic congressional candidates around the U.S. are putting a health care message at the center of their campai‚Ä¶ https://t.co/6frr9DPzui,2018-08-01 23:47:03+00:00,0.4939,0.158,0.842,0.0
355,Fox News,.@VP Pence's guests at the ceremony receiving the remains of Korean War servicemen lost their fathers in the war. https://t.co/eddRpz1toR,2018-08-01 23:53:35+00:00,-0.8779,0.0,0.627,0.373
356,CNN,"Health alert issued for salads and wraps from Kroger, Trader Joe's and Walgreens due to concerns about possible par‚Ä¶ https://t.co/WIFmR2urHj",2018-08-01 23:58:41+00:00,0.296,0.104,0.896,0.0
357,Fox News,Arkansas man says he planned attack on cop who was accompanied by family. https://t.co/ODuxehBCeO,2018-08-01 23:59:00+00:00,-0.4767,0.0,0.807,0.193
358,The New York Times,"Tesla said that it was still on pace to turn a profit later this year, after a quarter in which it continued to bur‚Ä¶ https://t.co/XA1Y8nnGjm",2018-08-02 00:02:02+00:00,0.4404,0.116,0.884,0.0
359,CNN,"For the first time ever, Barbie is wearing a hijab. The new doll, which was announced in November 2017, is modeled‚Ä¶ https://t.co/Qf2jruv4n8",2018-08-02 00:02:40+00:00,0.0,0.0,1.0,0.0
360,CNN,"On a hillside in Vietnam, giant hands extend, holding a new steel bridge that has attracted scores of visitors sinc‚Ä¶ https://t.co/J5HX1RPXVu",2018-08-02 00:05:00+00:00,0.5423,0.209,0.791,0.0
361,CNN,Chefs Guy Fieri and Jos√© Andr√©s are doing everything they can to help feed the evacuees and first responders to Cal‚Ä¶ https://t.co/IGVEdRTKCA,2018-08-02 00:09:54+00:00,0.4019,0.114,0.886,0.0
362,Fox News,.@VP hails 'tangible progress' with North Korea as remains of presumed Korean War dead arrive in Hawaii https://t.co/c8VIpgXZBe,2018-08-02 00:13:23+00:00,-0.7506,0.108,0.577,0.315
363,The New York Times,"RT @NYTStyles: ""In its current form, wellness isn‚Äôt filling in the gaps left by medicine. It‚Äôs exploiting them."" ‚Äî @DrJenGunter https://t.c‚Ä¶",2018-08-02 00:17:03+00:00,0.0,0.122,0.756,0.122
364,Fox News,New 'Terminator' image features Linda Hamilton in iconic role https://t.co/cEZQizOsJj,2018-08-02 00:19:56+00:00,0.0,0.0,1.0,0.0
365,Fox News,California Safeway calls cops on woman donating food to homeless man https://t.co/obcclpUxoq,2018-08-02 00:28:15+00:00,0.0,0.0,1.0,0.0
366,The New York Times,"The best TV shows and movies new to Netflix, Amazon and more in August https://t.co/DxRIesXB0P",2018-08-02 00:32:02+00:00,0.7096,0.312,0.688,0.0
367,CNN,"To demonstrate Paul Manafort's elaborate spending habits, prosecutors released an image of a $15,000 coat made from‚Ä¶ https://t.co/rq8kt20ocL",2018-08-02 00:34:54+00:00,0.0,0.0,1.0,0.0
368,CNN,"The jacket Harrison Ford wore playing Han Solo in ""The Empire Strikes Back"" is expected to go for $1.3 million at a‚Ä¶ https://t.co/cVD5rSmLNR",2018-08-02 00:35:00+00:00,-0.1779,0.071,0.83,0.099
369,Fox News,"Florida woman arrested after leaving 6 kids ‚Äòinfested with lice‚Äô at home, police say https://t.co/5yCpSlCq9B",2018-08-02 00:35:33+00:00,-0.4767,0.0,0.807,0.193
370,CNN,"RT @AC360: Democratic Sen. Richard Blumenthal: The White House is moving the goalpost for a potential interview with Mueller, because ‚Äúthe‚Ä¶",2018-08-02 00:40:42+00:00,0.0,0.0,1.0,0.0
371,CNN,The heads of the Senate Intelligence Committee said they're in discussions about providing a transcript of Maria Bu‚Ä¶ https://t.co/obyEoaWQPZ,2018-08-02 00:41:07+00:00,0.4767,0.154,0.846,0.0
372,CNN,"RT @OutFrontCNN: ""Donald Trump is supposed to be defending our country, instead he's busy defending Vladimir Putin and attacking our own in‚Ä¶",2018-08-02 00:41:52+00:00,-0.4588,0.0,0.875,0.125
373,Fox News,RT @FoxBusiness: .@cvpayne provides an after hours stock update as markets were mixed on Fed and trade concerns. https://t.co/wswT3qqtW3 ht‚Ä¶,2018-08-02 00:46:58+00:00,0.0,0.0,1.0,0.0
374,The New York Times,From @nytimestravel: A guide to 10 cities where you can have an upscale trip without paying top dollar https://t.co/2HFxU7e85E,2018-08-02 00:47:05+00:00,-0.1511,0.0,0.914,0.086
375,Fox News,'That's the Point of Government': WA 'Democratic Socialist' US House Candidate Defends Platform https://t.co/IsoA9guuPP,2018-08-02 00:50:01+00:00,0.0,0.0,1.0,0.0
376,CNN,"Hundreds of demonstrators gathered in Copenhagen, Denmark, wearing burqas and other face veils to protest a law aga‚Ä¶ https://t.co/XmE3eW2f48",2018-08-02 00:51:06+00:00,-0.25,0.0,0.895,0.105
377,CNN,Huawei overtakes Apple to become the world‚Äôs second largest smartphone seller despite not having a presence in the‚Ä¶ https://t.co/zqr3Mu0qgT,2018-08-02 01:01:00+00:00,0.0,0.0,1.0,0.0
378,CNN,Donald Trump is averaging 7.6 mistruths a day | Analysis by @CillizzaCNN https://t.co/beM2XrzSd3,2018-08-02 01:01:05+00:00,0.0,0.0,1.0,0.0
379,CNN,Vice President Mike Pence greeted 55 flag-draped cases of what are believed to be the remains of American service m‚Ä¶ https://t.co/zg2CaLlC2f,2018-08-02 01:01:55+00:00,0.2732,0.095,0.905,0.0
380,The New York Times,Evening Briefing: Here's what you need to know at the end of the day https://t.co/pGnyegNxFm,2018-08-02 01:02:02+00:00,0.0,0.0,1.0,0.0
381,CNN,RT @CNNPolitics: Vice President Mike Pence receives the possible remains of Americans killed in the Korean War https://t.co/uNyVkFv8V3 http‚Ä¶,2018-08-02 01:02:09+00:00,-0.8555,0.0,0.669,0.331
382,Fox News,"""Today, we prove these heroes were never forgotten.""

@VP Pence‚Äã spoke at a ceremony Wednesday as remains, believed‚Ä¶ https://t.co/jRe3zuNykV",2018-08-02 01:06:27+00:00,0.5106,0.163,0.837,0.0
383,Fox News,".@dbongino on Manafort trial: ""Paul Manafort is guilty of something, he's guilty of helping @realDonaldTrump win an‚Ä¶ https://t.co/LApgHTWcOa",2018-08-02 01:07:59+00:00,0.1027,0.234,0.547,0.219
384,The New York Times,"RT @jdelreal: I joined the Redding Fire Dept as they visited the place their colleague, Jeremy Stoke, was killed by the Carr Fire. As they‚Ä¶",2018-08-02 01:17:03+00:00,-0.8519,0.0,0.693,0.307
385,Fox News,"Mollie Tibbetts' disappearance a 'total shock,' Iowa residents say. https://t.co/IucuUZQSoo",2018-08-02 01:28:52+00:00,0.0,0.0,1.0,0.0
386,The New York Times,An Illinois state representative resigned hours after a report that his ex-girlfriend accused him of using nude pho‚Ä¶ https://t.co/zC0GefPZuj,2018-08-02 01:32:04+00:00,-0.4939,0.0,0.792,0.208
387,CNN,Take a look at some of Paul Manafort's jackets https://t.co/zV53gJUMmh https://t.co/FwVE7WVJqA,2018-08-02 01:33:35+00:00,0.0,0.0,1.0,0.0
388,Fox News,"Migrants falsely claim they're father and daughter, present fake birth certificate, U.S. Customs officials say. https://t.co/A1yEmt1ZtA",2018-08-02 01:39:04+00:00,-0.4767,0.0,0.829,0.171
389,CNN,"Tesla CEO Elon Musk stunned analysts a few months ago by refusing to answer their ""boring"" questions on a Tesla ear‚Ä¶ https://t.co/7y15BcbIQr",2018-08-02 01:40:29+00:00,-0.4767,0.0,0.814,0.186
390,The New York Times,RT @kevinroose: Update: I definitely broke the alerts https://t.co/fyZpx6cUXP,2018-08-02 01:46:46+00:00,-0.0258,0.235,0.522,0.243
391,The New York Times,A Pennsylvania bishop has ordered the names of all of his predecessors since the 1940s to be stripped from church b‚Ä¶ https://t.co/tE99DpioKv,2018-08-02 01:47:02+00:00,0.0,0.0,1.0,0.0
392,CNN,Special counsel Robert Mueller has offered to reduce the number of obstruction-related questions President Donald T‚Ä¶ https://t.co/De13n3IicN,2018-08-02 01:47:42+00:00,0.4588,0.211,0.789,0.0
393,CNN,Here are the key takeaways from day two of the Paul Manafort trial https://t.co/4NSrYbKhwa https://t.co/BkudHicjZd,2018-08-02 01:51:05+00:00,0.0,0.0,1.0,0.0
394,Fox News,".@VP spoke at a ceremony at @JointBasePHH Wednesday as remains, believed to be those of American service members lo‚Ä¶ https://t.co/MFXLbol1qq",2018-08-02 01:54:26+00:00,0.0,0.0,1.0,0.0
395,CNN,Ohio State places head football coach Urban Meyer on paid administrative leave as it investigates what he knew abou‚Ä¶ https://t.co/MA0LAZsziK,2018-08-02 01:56:17+00:00,-0.0516,0.0,0.941,0.059
396,CNN,"38 memorable lines from Trump's speech in Tampa, Florida | Analysis by @CillizzaCNN https://t.co/fAeDHl3d2n https://t.co/JD1ApcruiH",2018-08-02 02:01:08+00:00,0.0,0.0,1.0,0.0
397,The New York Times,Humans almost saved the planet from climate change 30 years ago. This is the story of how we failed: a tragedy in 2‚Ä¶ https://t.co/sfbNxwgdeI,2018-08-02 02:02:03+00:00,-0.7346,0.083,0.662,0.255
398,Fox News,Glen Powell to join 'Top Gun' sequel: report https://t.co/yHQCIHsjKZ,2018-08-02 02:07:34+00:00,0.1531,0.323,0.484,0.194
399,Fox News,.@VP Pence and Mrs. Pence participate in an engagement with troops at @JointBasePHH. https://t.co/nG5URYFant https://t.co/29K1WCo6gi,2018-08-02 02:11:44+00:00,0.4588,0.176,0.824,0.0
400,CNN,Why Trump and the GOP are both guilty of ongoing collusion | By Frida Ghitis via @CNNOpinion https://t.co/KxaliS3dcE https://t.co/c4jFAfZh2j,2018-08-02 02:16:02+00:00,-0.4215,0.0,0.859,0.141
401,The New York Times,RT @sewellchan: We interviewed survivors of yesterday's miraculous Aerom√©xico crash in Mexico‚Äîin which all 103 people on board lived. A bit‚Ä¶,2018-08-02 02:17:03+00:00,-0.4019,0.0,0.876,0.124
402,CNN,"RT @AC360: Anderson Cooper: Keeping them honest, the White House's claim the Mueller probe arose out of ""a dirty discredited dossier"" is ju‚Ä¶",2018-08-02 02:20:34+00:00,-0.3612,0.113,0.687,0.199
403,CNN,"RT @CuomoPrimeTime: ""There was callous disregard for these children."" Democratic @SenatorDurbin calls on DHS Sec. Nielsen to resign saying‚Ä¶",2018-08-02 02:21:24+00:00,-0.5423,0.0,0.791,0.209
404,Fox News,'Angel' cloud appears over Texas skyline https://t.co/ArFA0SRgVO,2018-08-02 02:22:59+00:00,0.0,0.0,1.0,0.0
405,CNN,@CillizzaCNN Donald Trump is averaging 7.6 mistruths a day | Analysis by @CillizzaCNN https://t.co/6dpJxXvYe2,2018-08-02 02:28:28+00:00,0.0,0.0,1.0,0.0
406,Fox News,.@TuckerCarlson on Paul Manafort Trial: Lead Prosecutor Weissmann 'Avenging Hillary's Defeat' https://t.co/42Y3mfiY7G,2018-08-02 02:30:00+00:00,-0.4588,0.0,0.786,0.214
407,CNN,Donald Trump is averaging 7.6 mistruths a day | Analysis by @CillizzaCNN https://t.co/n41yNDxLRj https://t.co/YmXei0hWPs,2018-08-02 02:30:18+00:00,0.0,0.0,1.0,0.0
408,CNN,US planning to reduce troops in Africa despite growing terrorist threat https://t.co/XgWxn1HtI5 https://t.co/TD5Y3ISjIj,2018-08-02 02:31:07+00:00,0.7181,0.361,0.555,0.084
409,The New York Times,"New efforts on Facebook to influence this year's elections revealed signs of a maturing adversary, adapting and evo‚Ä¶ https://t.co/hZi8nyZEAH",2018-08-02 02:32:08+00:00,-0.2023,0.0,0.904,0.096
410,CNN,"RT @CuomoPrimeTime: Former Trump aide @MichaelRCaputo on Mueller probe: ‚ÄúI‚Äôm with the President now. This thing needs to be shut down."" htt‚Ä¶",2018-08-02 02:33:17+00:00,0.0,0.0,1.0,0.0
411,Fox News,Homeless man starts McDonald's job with Florida officer's help https://t.co/UotBQZijCB,2018-08-02 02:34:59+00:00,0.4019,0.231,0.769,0.0
412,Fox News,New Vietnam bridge held up by massive pair of hands https://t.co/wLImjB8gYn,2018-08-02 02:41:00+00:00,0.0,0.0,1.0,0.0
413,CNN,"A child's brain repaired itself after a full third of the right hemisphere was surgically removed, rewiring itself‚Ä¶ https://t.co/MM5OvzTmke",2018-08-02 02:44:39+00:00,0.0,0.0,1.0,0.0
414,CNN,"RT @CNNTonight: ""What it says to me, Don, is that he is guilty as sin ... if he really felt confident ... why would he be freaking out on T‚Ä¶",2018-08-02 02:46:02+00:00,-0.6929,0.09,0.672,0.238
415,CNN,"Supreme Court Justice Ruth Bader Ginsburg described the 2017-18 term as ""much more divisive than usual""‚Ä¶ https://t.co/nlhSxfhJLy",2018-08-02 02:46:09+00:00,0.7906,0.318,0.682,0.0
416,Fox News,Madonna suggests Donald Trump motivated her move to Portugal https://t.co/JpGwqcPhPH,2018-08-02 02:47:00+00:00,0.4588,0.25,0.75,0.0
417,The New York Times,Prosecution cites lavish spending by Paul Manafort in his fraud trial https://t.co/AAt0HrXE9L,2018-08-02 02:47:01+00:00,-0.7906,0.0,0.588,0.412
418,The New York Times,"RT @maggieNYT: For roughly a week, Trump has raged about Cohen, Manafort, Mueller. And he is angry the SC probe, which Giuliani assured him‚Ä¶",2018-08-02 02:51:02+00:00,-0.5859,0.087,0.694,0.219
419,CNN,Chefs Guy Fieri and Jos√© Andr√©s are doing everything they can to help feed the evacuees and first responders to Cal‚Ä¶ https://t.co/9E09tiBhog,2018-08-02 02:51:05+00:00,0.4019,0.114,0.886,0.0
420,CNN,RT @CuomoPrimeTime: Conservative commentator @CortesSteve calls President Trump's threat of a government shutdown over border wall funding‚Ä¶,2018-08-02 02:56:49+00:00,-0.5267,0.0,0.815,0.185
421,CNN,Their meningitis symptoms had an unusual cause: A rat lungworm infection from eating raw centipedes https://t.co/HGGPcs7eIk,2018-08-02 02:58:06+00:00,0.0,0.0,1.0,0.0
422,CNN,CBS staffers wonder about Jeff Fager's fate at '60 Minutes' following New Yorker expose https://t.co/A6wA3cMlzb https://t.co/CWMftXxufh,2018-08-02 03:01:07+00:00,-0.1531,0.0,0.904,0.096
423,The New York Times,"He helped build the careers of classical stars, including the violinist Joshua Bell and the pianist Evgeny Kissin,‚Ä¶ https://t.co/V1bwGYTZXz",2018-08-02 03:02:07+00:00,0.0,0.0,1.0,0.0
424,Fox News,Homeless man starts McDonald's job with Florida officer's help https://t.co/FxaEwanUzb,2018-08-02 03:02:15+00:00,0.4019,0.231,0.769,0.0
425,CNN,A man cheated with someone else's wife and now it'll cost him $8.8 million https://t.co/S8t6sOR03c,2018-08-02 03:06:09+00:00,-0.5106,0.0,0.798,0.202
426,Fox News,Alaskan borough dusts off typewriters after ransomware attack https://t.co/D3rjQ0w4hD,2018-08-02 03:07:25+00:00,-0.4767,0.0,0.721,0.279
427,CNN,A white police officer in Michigan who says he was taunted by fellow officers when he told them that he was part bl‚Ä¶ https://t.co/hPZEPoMqZQ,2018-08-02 03:13:07+00:00,0.0,0.0,1.0,0.0
428,Fox News,".@jasoninthehouse on Manafort's trial: ""From Men's Warehouse to somebody's closet, this has nothing to do with Russ‚Ä¶ https://t.co/hL9lex8Xcj",2018-08-02 03:13:47+00:00,0.0,0.0,1.0,0.0
429,CNN,‚ÄúWe have got to call a spade a spade: This is a 25% sales tax on the US consumer.‚Äù Economist Paul Donovan says the‚Ä¶ https://t.co/BCMdnjOl2z,2018-08-02 03:15:24+00:00,0.0,0.0,1.0,0.0
430,CNN,Donald Trump has no earthly clue about how real people buy groceries | By Jen Psaki via @CNNOpinion‚Ä¶ https://t.co/T9K1hdkLCq,2018-08-02 03:16:06+00:00,-0.296,0.0,0.885,0.115
431,The New York Times,RT @RichSandomir: Fascinating story by @DavidWaldstein on newly-uncovered depositions related to Thurman Munson's fatal crash in 1979. Rive‚Ä¶,2018-08-02 03:17:03+00:00,-0.4019,0.142,0.607,0.251
432,CNN,President Donald Trump's remarks during a Florida rally have some people asking if he's ever gone grocery shopping.‚Ä¶ https://t.co/5rtU0ScoJN,2018-08-02 03:17:27+00:00,0.0,0.0,1.0,0.0
433,CNN,"With $1,000 in cash and a handwritten apology, a former waitress is trying to make things right after stealing mone‚Ä¶ https://t.co/oUk6mcW8Ib",2018-08-02 03:20:07+00:00,-0.5423,0.055,0.776,0.169
434,Fox News,Wife of Miranda Lambert's boyfriend hints he won't stop calling her https://t.co/1izQIX8im8,2018-08-02 03:23:41+00:00,0.2235,0.146,0.854,0.0
435,CNN,"He lost his home in the California wildfires. But in the ashes, there was a priceless family heirloom.‚Ä¶ https://t.co/IVQV3faYyK",2018-08-02 03:27:02+00:00,-0.3182,0.0,0.881,0.119
436,Fox News,".@LarryOConnor on government shutdown threat: ""This president is trying to keep his promise and he can't get any co‚Ä¶ https://t.co/3544opxNWh",2018-08-02 03:28:25+00:00,-0.2732,0.097,0.759,0.143
437,CNN,Donald Trump has no earthly clue about how real people buy groceries | By Jen Psaki via @CNNOpinion‚Ä¶ https://t.co/5qmW27PdqG,2018-08-02 03:31:07+00:00,-0.296,0.0,0.885,0.115
438,The New York Times,Barack Obama just endorsed 81 Democrats running in the 2018 elections. Many were longtime Obama loyalists. Most of‚Ä¶ https://t.co/2aufMj6lPR,2018-08-02 03:32:07+00:00,0.4767,0.194,0.806,0.0
439,CNN,Facebook and Instagram now reveal how much time you spend in each app https://t.co/NXH40OFHrq https://t.co/Y7YfPT49Sb,2018-08-02 03:34:05+00:00,0.0,0.0,1.0,0.0
440,Fox News,".@LarryOConnor: ""President Obama was the best thing that ever happened to the Republicans in the last eight years a‚Ä¶ https://t.co/ijTU5Liltz",2018-08-02 03:35:02+00:00,0.6369,0.181,0.819,0.0
441,CNN,What Trump is doing to America is not normal | By Trump biographer Michael D'Antonio https://t.co/ovPqFN9neD https://t.co/QSgPmom5zf,2018-08-02 03:38:04+00:00,0.0,0.0,1.0,0.0
442,Fox News,Massive great white shark filmed just feet away from oblivious paddle boarder https://t.co/TaWPdJfmJb,2018-08-02 03:43:00+00:00,0.6249,0.255,0.745,0.0
443,CNN,"The Trump administration is making it easier to obtain coverage through short-term health insurance plans, which do‚Ä¶ https://t.co/biciGZJP1Q",2018-08-02 03:43:09+00:00,0.4215,0.141,0.859,0.0
444,CNN,Express Scripts stock plunges on report that Carl Icahn wants to block Cigna merger https://t.co/XI40VUWtAR https://t.co/lb5clKVMoM,2018-08-02 03:46:05+00:00,-0.4404,0.0,0.838,0.162
445,The New York Times,There were no signs of foul play when a pregnant bottlenose dolphin washed up in Mississippi. Then they found the b‚Ä¶ https://t.co/7HyyWyj0PY,2018-08-02 03:47:05+00:00,0.0516,0.102,0.805,0.093
446,CNN,This app works like Tinder -- for female friendships https://t.co/1vaxnvfoiA https://t.co/YqsnZVwTKV,2018-08-02 03:50:05+00:00,0.6249,0.362,0.638,0.0
447,CNN,"RT @CNNTonight: ""I have to tell you I think it extraordinarily unlikely the President will ever sit down for an interview with Bob Mueller'‚Ä¶",2018-08-02 03:50:20+00:00,0.0,0.0,1.0,0.0
448,Fox News,"""Soon, we will know their names and we will tell their stories of courage.""

@VP Pence hails 'tangible progress' wi‚Ä¶ https://t.co/L7oUiXtBBG",2018-08-02 03:52:19+00:00,0.4215,0.123,0.877,0.0
449,CNN,"""Today, our boys are coming home.""

US Vice President Mike Pence greeted 55 flag-draped cases of what are believed‚Ä¶ https://t.co/SCkrlmnY6l",2018-08-02 03:57:37+00:00,0.2732,0.1,0.9,0.0
450,Fox News,"INCREDIBLE: This pizza delivery guy stunned a family when he asked to play their piano. Little did they know, 18-ye‚Ä¶ https://t.co/uBZN2lDbxe",2018-08-02 04:01:00+00:00,0.25,0.11,0.826,0.064
451,CNN,"Think it's hot where you are? Think again.

It's probably nowhere near the new tentative world's record for hottest‚Ä¶ https://t.co/593bWGU0gd",2018-08-02 04:01:05+00:00,0.0,0.0,1.0,0.0
452,The New York Times,Autoplay videos are not going away. Here‚Äôs how to fight them. https://t.co/LV6mLdwVbN,2018-08-02 04:02:02+00:00,-0.3818,0.0,0.809,0.191
453,CNN,What Trump is doing to America is not normal | By Trump biographer Michael D'Antonio via @CNNOpinion‚Ä¶ https://t.co/axyzcpAqWd,2018-08-02 04:02:03+00:00,0.0,0.0,1.0,0.0
454,CNN,A multi-state salmonella outbreak linked to pasta salad sold by Midwestern grocery store chain Hy-Vee has sickened‚Ä¶ https://t.co/H5mHSHBEik,2018-08-02 04:04:06+00:00,0.0,0.0,1.0,0.0
455,The New York Times,Lawyers in Sandy Hook Lawsuit Spar Over Meaning of an Online Broadcast https://t.co/adZ06Ovr08,2018-08-02 04:06:12+00:00,-0.2263,0.0,0.863,0.137
456,Fox News,"Phil, the homeless man who got a job at McDonald's with a Florida police officer's help, is ""doing great"" since he‚Ä¶ https://t.co/MDxaUyWD54",2018-08-02 04:08:00+00:00,0.7783,0.274,0.726,0.0
457,CNN,Organizers of the 2018 African Senior Athletics Championships being held in Nigeria have come under fire over poor‚Ä¶ https://t.co/J7QLqdolyZ,2018-08-02 04:11:07+00:00,0.2023,0.142,0.752,0.106
458,Fox News,"Mollie Tibbetts' boyfriend, brothers, father urge witnesses to 'come forward' in exclusive interviews‚Ä¶ https://t.co/HQ4tHeDoNu",2018-08-02 04:15:00+00:00,0.128,0.103,0.897,0.0
459,CNN,"Before Azerbaijan was famous for oil, it was a land of silk and spices. Take a look around: https://t.co/H8w5HGbDfR https://t.co/8C72E6746N",2018-08-02 04:16:00+00:00,0.0,0.0,1.0,0.0
460,Fox News,Possible gunman at California hospital; police on scene https://t.co/irJGvteI1C,2018-08-02 04:17:35+00:00,0.0,0.0,1.0,0.0
461,CNN,Three alleged members of an international hacking group have been arrested for cybercrimes targeting over 100 retai‚Ä¶ https://t.co/InAMtcAadg,2018-08-02 04:18:09+00:00,-0.4767,0.0,0.846,0.154
462,The New York Times,RT @carlzimmer: I asked scientists about Trump‚Äôs pick for White House science advisor. Consensus:  üëçüèª https://t.co/inhGJpQTWp,2018-08-02 04:22:00+00:00,0.0,0.0,1.0,0.0
463,Fox News,Painting of Trump team 'Crossing the Swamp' touches off social media frenzy https://t.co/mNdVGXOCYE,2018-08-02 04:23:00+00:00,-0.3182,0.0,0.839,0.161
464,CNN,CNN Exclusive: The TSA is considering eliminating passenger screening at smaller airports https://t.co/LWJ3uicd9N https://t.co/AsCq8d3MN3,2018-08-02 04:25:08+00:00,0.128,0.103,0.897,0.0
465,Fox News,".@JesseBWatters: ""Right now, Maxine Waters is the face of the Democratic Party, and that's frightening."" #TheFive https://t.co/ytO8sA51tu",2018-08-02 04:30:00+00:00,0.4019,0.144,0.856,0.0
466,CNN,"A top consultant and spokesman for Corey Stewart, the Republican nominee for US Senate in Virginia, has used the te‚Ä¶ https://t.co/RqJRHQgoX8",2018-08-02 04:32:01+00:00,0.2023,0.087,0.913,0.0
467,Fox News,U.S. soldiers salute during a repatriation ceremony for the remains of U.S. soldiers who were killed in the Korean‚Ä¶ https://t.co/aDtYMui6UH,2018-08-02 04:38:00+00:00,-0.6705,0.0,0.8,0.2
468,CNN,"Her face has appeared in McDonald's ads in China, India and South Korea, on a French dating website and in a promot‚Ä¶ https://t.co/ByXIeJDkwN",2018-08-02 04:39:02+00:00,0.0,0.0,1.0,0.0
469,The New York Times,RT @EnnisNYT: ‚ÄúThe baby wearing a ‚ÄòCNN Sucks!‚Äô pin pretty much summed it up.‚Äù @grynbaum on anti-press sentiment increasing as mid-term seas‚Ä¶,2018-08-02 04:41:04+00:00,0.5411,0.149,0.851,0.0
470,Fox News,".@dbongino on Manafort trial: ""Paul Manafort is guilty of something, he's guilty of helping @realDonaldTrump win an‚Ä¶ https://t.co/BD763aIKo2",2018-08-02 04:45:00+00:00,0.1027,0.234,0.547,0.219
471,CNN,"Back in the early 1900s, pink was generally considered to be a masculine shade. Here's a quick history of one of ou‚Ä¶ https://t.co/NQl1Da4X4d",2018-08-02 04:46:00+00:00,0.0,0.0,1.0,0.0
472,CNN,Tesla just reported that it lost more than $717 million in the second quarter -- the biggest quarterly loss in its‚Ä¶ https://t.co/dPqRFVXio2,2018-08-02 04:46:06+00:00,-0.5574,0.0,0.813,0.187
473,Fox News,"""How awesome is that!"" A man in Texas captured this photo of a cloud that bears a striking resemblance to an angel‚Ä¶ https://t.co/AgMwcO9ruO",2018-08-02 04:53:00+00:00,0.6588,0.188,0.812,0.0
474,CNN,"At 93, Malaysian Prime Minister Mahathir Mohamad is the oldest leader in the world. Here's his advice on staying ph‚Ä¶ https://t.co/zhQ3AticCk",2018-08-02 04:59:44+00:00,0.0,0.0,1.0,0.0
475,Fox News,Pittsburgh dad worked three jobs to surprise teen daughter with 'dream' dress https://t.co/GJNUiKkFAc https://t.co/syV73IGMrH,2018-08-02 05:00:00+00:00,0.2732,0.139,0.861,0.0
476,CNN,Papa John's hires Ari Emanuel's ad agency to get past the N-word controversy https://t.co/J2w2XMLVCz https://t.co/Wsm2jRQuVa,2018-08-02 05:01:02+00:00,0.0,0.0,1.0,0.0
477,The New York Times,"Facebook's head of security, Alex Stamos, plans to start a new role at Stanford University in September https://t.co/OlJU0ZPOi7",2018-08-02 05:02:02+00:00,0.34,0.13,0.87,0.0
478,CNN,A man whose mother died during surgery 20 years ago is the suspect in the fatal shooting of a prominent Houston car‚Ä¶ https://t.co/tL6hj8D2PL,2018-08-02 05:03:04+00:00,-0.7906,0.08,0.594,0.325
479,Fox News,"Flames consume a home as the River Fire tears through Lakeport, California. https://t.co/2huUXWGS7r",2018-08-02 05:07:00+00:00,-0.5106,0.0,0.699,0.301
480,CNN,Justice Ginsburg: The 'liberal lion' we need right now | By Brenda Feigen via @CNNOpinion https://t.co/8pmZ2UYXY2 https://t.co/tGjfaRjQqH,2018-08-02 05:10:04+00:00,0.5267,0.185,0.815,0.0
481,Fox News,".@VP Pence: ""Some have called the Korean War 'The Forgotten War,' but today we prove these heroes were never forgot‚Ä¶ https://t.co/uZzPH70NLF",2018-08-02 05:15:00+00:00,0.3716,0.169,0.683,0.148
482,CNN,"When he noticed a teen with autism was interested in what he was doing, this grocery store worker let him help stoc‚Ä¶ https://t.co/Aezg4v1z71",2018-08-02 05:16:00+00:00,0.6597,0.213,0.787,0.0
483,CNN,Two women were found unresponsive in a car along with the likely culprit -- four coolers of dry ice -- Friday morni‚Ä¶ https://t.co/akRtFQOSxj,2018-08-02 05:17:06+00:00,0.0,0.0,1.0,0.0
484,Fox News,Feinstein was 'mortified' by @FBI allegation that staffer was spy for China: report https://t.co/1afQGqIwqV,2018-08-02 05:23:00+00:00,0.0,0.0,1.0,0.0
485,CNN,New cluster of Ebola virus cases detected in the Democratic Republic of Congo a week after the government declared‚Ä¶ https://t.co/AyuizNxHwE,2018-08-02 05:24:04+00:00,0.0,0.0,1.0,0.0
486,Fox News,".@PressSec: ‚ÄúAt the president‚Äôs direction, the Department of Treasury is sanctioning Turkey‚Äôs Minister of Justice a‚Ä¶ https://t.co/EFjnsV2WpF",2018-08-02 05:30:00+00:00,0.6369,0.257,0.743,0.0
487,CNN,"House Speaker Paul Ryan finds out that he's part Jewish on PBS' show ""Finding Your Roots"" https://t.co/rYKLyfabQy https://t.co/GX1PJtTr9J",2018-08-02 05:32:03+00:00,0.0,0.0,1.0,0.0
488,The New York Times,"RT @nytopinion: In Australia, it took one mass shooting in Port Arthur in 1996, where 35 people were killed, for the country to actually do‚Ä¶",2018-08-02 05:32:03+00:00,-0.6705,0.0,0.842,0.158
489,Fox News,"On @AmericaNewsroom‚Äã, @SteveHiltonx pushed back on those accusing President Donald J. Trump‚Äã of starting a trade wa‚Ä¶ https://t.co/DWXbzu5yT8",2018-08-02 05:38:00+00:00,-0.1779,0.0,0.904,0.096
490,CNN,"A Nazi flag was spotted flying in a public park in Laramie, Wyoming https://t.co/vwKzfg3ZJX https://t.co/6TXWtJ4mDm",2018-08-02 05:39:06+00:00,0.0,0.0,1.0,0.0
491,Fox News,"‚ÄúTalk about a stand up young man!!!!‚Äù

A grocery store worker in Louisiana is receiving widespread praise for the k‚Ä¶ https://t.co/IWQkXVQE08",2018-08-02 05:45:00+00:00,0.6973,0.209,0.791,0.0
492,CNN,‚ÄúI lead a very moderate life. I don‚Äôt do anything in excess. I don‚Äôt eat food until I get fat and that kind of thin‚Ä¶ https://t.co/RndKdHfpXE,2018-08-02 05:46:00+00:00,0.0,0.0,1.0,0.0
493,CNN,A woman says a supermarket called police on her while she was helping a homeless man https://t.co/ycKBFCSnZK https://t.co/fZOEvEPwJ3,2018-08-02 05:46:03+00:00,0.296,0.136,0.864,0.0
494,CNN,This Chinese photographer is challenging the stereotypes of girlhood  https://t.co/VsY94Ql7Ya,2018-08-02 05:52:45+00:00,0.1531,0.151,0.849,0.0
495,Fox News,Fresno State professor blames newspaper's 'biased' reporting for 'inhumane and cruel' hate mail https://t.co/2ijvfEYtXM,2018-08-02 05:53:00+00:00,-0.8807,0.0,0.519,0.481
496,CNN,White House press secretary Sarah Sanders falsely blamed journalists for thwarting US spying on Osama bin Laden jus‚Ä¶ https://t.co/8uRzoDVyLi,2018-08-02 05:53:04+00:00,-0.5859,0.0,0.78,0.22
497,Fox News,".@AlanDersh: ""Why do we need a special counsel? The cases don't involve Russia for the most part."" @IngrahamAngle https://t.co/Kx0mwA99vH",2018-08-02 06:00:00+00:00,0.4019,0.137,0.863,0.0
498,CNN,"LAPD officers had gone 13 years without killing a hostage or bystander while confronting armed suspects.

In the la‚Ä¶ https://t.co/THMKtndY4G",2018-08-02 06:00:05+00:00,0.1321,0.15,0.68,0.17
499,The New York Times,Just the name Kashmir conjures a set of opposing images. It is a staggeringly beautiful place that lives up to all‚Ä¶ https://t.co/fUUrGbpB0b,2018-08-02 06:02:02+00:00,0.5994,0.17,0.83,0.0
